patient	tissue	cluster	cells
BC1	BLOOD	1	105
BC1	BLOOD	3	37
BC1	BLOOD	4	211
BC1	BLOOD	5	1
BC1	BLOOD	6	67
BC1	BLOOD	8	1
BC1	BLOOD	9	5
BC1	BLOOD	11	1
BC1	BLOOD	12	2
BC1	BLOOD	16	4
BC1	BLOOD	19	726
BC1	BLOOD	20	886
BC1	BLOOD	21	6
BC1	BLOOD	24	10
BC1	BLOOD	25	1
BC1	BLOOD	27	2
BC1	BLOOD	29	2
BC1	BLOOD	30	52
BC1	BLOOD	35	289
BC1	BLOOD	36	135
BC1	BLOOD	38	11
BC1	BLOOD	39	71
BC1	BLOOD	42	161
BC1	BLOOD	53	1
BC1	BLOOD	56	1
BC1	BLOOD	64	2
BC1	NORMAL	1	10
BC1	NORMAL	2	128
BC1	NORMAL	3	2255
BC1	NORMAL	4	78
BC1	NORMAL	5	119
BC1	NORMAL	6	18
BC1	NORMAL	8	2
BC1	NORMAL	9	1
BC1	NORMAL	11	11
BC1	NORMAL	12	11
BC1	NORMAL	15	9
BC1	NORMAL	16	6
BC1	NORMAL	19	28
BC1	NORMAL	21	13
BC1	NORMAL	23	2
BC1	NORMAL	24	10
BC1	NORMAL	27	144
BC1	NORMAL	29	21
BC1	NORMAL	30	2
BC1	NORMAL	31	4
BC1	NORMAL	35	1
BC1	NORMAL	36	7
BC1	NORMAL	38	13
BC1	NORMAL	40	2
BC1	NORMAL	43	1
BC1	NORMAL	44	3
BC1	NORMAL	45	1
BC1	NORMAL	46	1
BC1	NORMAL	51	4
BC1	NORMAL	58	1
BC1	NORMAL	60	2
BC1	NORMAL	64	1
BC1	TUMOR	1	7
BC1	TUMOR	2	94
BC1	TUMOR	3	1558
BC1	TUMOR	4	41
BC1	TUMOR	5	210
BC1	TUMOR	6	252
BC1	TUMOR	8	21
BC1	TUMOR	9	7
BC1	TUMOR	11	7
BC1	TUMOR	12	6
BC1	TUMOR	15	13
BC1	TUMOR	16	3
BC1	TUMOR	19	5
BC1	TUMOR	20	3
BC1	TUMOR	21	16
BC1	TUMOR	23	3
BC1	TUMOR	24	13
BC1	TUMOR	25	1
BC1	TUMOR	27	206
BC1	TUMOR	29	1
BC1	TUMOR	31	7
BC1	TUMOR	35	2
BC1	TUMOR	38	30
BC1	TUMOR	39	6
BC1	TUMOR	41	1
BC1	TUMOR	42	2
BC1	TUMOR	43	1
BC1	TUMOR	44	9
BC1	TUMOR	45	5
BC1	TUMOR	46	3
BC1	TUMOR	49	1
BC1	TUMOR	51	9
BC1	TUMOR	58	2
BC1	TUMOR	60	4
BC1	TUMOR	64	1
BC1	TUMOR	76	9
BC1	TUMOR	81	1
BC1	TUMOR	92	1
BC2	LYMPHNODE	1	404
BC2	LYMPHNODE	2	2870
BC2	LYMPHNODE	3	72
BC2	LYMPHNODE	4	17
BC2	LYMPHNODE	5	150
BC2	LYMPHNODE	6	208
BC2	LYMPHNODE	8	998
BC2	LYMPHNODE	11	17
BC2	LYMPHNODE	12	75
BC2	LYMPHNODE	15	49
BC2	LYMPHNODE	16	165
BC2	LYMPHNODE	19	15
BC2	LYMPHNODE	21	14
BC2	LYMPHNODE	27	2
BC2	LYMPHNODE	29	2
BC2	LYMPHNODE	30	2
BC2	LYMPHNODE	38	1
BC2	LYMPHNODE	39	1
BC2	LYMPHNODE	40	2
BC2	LYMPHNODE	41	32
BC2	LYMPHNODE	43	18
BC2	LYMPHNODE	44	2
BC2	LYMPHNODE	46	4
BC2	LYMPHNODE	47	8
BC2	LYMPHNODE	50	6
BC2	LYMPHNODE	51	3
BC2	LYMPHNODE	53	5
BC2	LYMPHNODE	55	5
BC2	LYMPHNODE	57	5
BC2	LYMPHNODE	60	10
BC2	LYMPHNODE	76	1
BC2	LYMPHNODE	90	4
BC2	NORMAL	1	27
BC2	NORMAL	2	153
BC2	NORMAL	3	10
BC2	NORMAL	4	259
BC2	NORMAL	5	115
BC2	NORMAL	6	6
BC2	NORMAL	8	9
BC2	NORMAL	9	3
BC2	NORMAL	11	154
BC2	NORMAL	12	183
BC2	NORMAL	15	29
BC2	NORMAL	16	155
BC2	NORMAL	21	19
BC2	NORMAL	23	1
BC2	NORMAL	24	8
BC2	NORMAL	25	1
BC2	NORMAL	27	6
BC2	NORMAL	29	11
BC2	NORMAL	30	4
BC2	NORMAL	35	1
BC2	NORMAL	36	3
BC2	NORMAL	38	2
BC2	NORMAL	40	7
BC2	NORMAL	41	2
BC2	NORMAL	43	1
BC2	NORMAL	46	1
BC2	NORMAL	50	7
BC2	NORMAL	51	1
BC2	NORMAL	58	2
BC2	NORMAL	59	2
BC2	NORMAL	62	1
BC2	TUMOR	1	31
BC2	TUMOR	2	280
BC2	TUMOR	3	120
BC2	TUMOR	4	27
BC2	TUMOR	5	590
BC2	TUMOR	6	11
BC2	TUMOR	8	12
BC2	TUMOR	9	1
BC2	TUMOR	11	145
BC2	TUMOR	12	50
BC2	TUMOR	15	52
BC2	TUMOR	16	87
BC2	TUMOR	21	19
BC2	TUMOR	23	5
BC2	TUMOR	24	12
BC2	TUMOR	25	2
BC2	TUMOR	27	26
BC2	TUMOR	29	2
BC2	TUMOR	30	1
BC2	TUMOR	31	1
BC2	TUMOR	37	2
BC2	TUMOR	38	5
BC2	TUMOR	40	9
BC2	TUMOR	43	84
BC2	TUMOR	44	7
BC2	TUMOR	45	93
BC2	TUMOR	46	70
BC2	TUMOR	47	5
BC2	TUMOR	48	5
BC2	TUMOR	50	2
BC2	TUMOR	51	12
BC2	TUMOR	56	4
BC2	TUMOR	57	1
BC2	TUMOR	58	14
BC2	TUMOR	59	37
BC2	TUMOR	60	32
BC2	TUMOR	62	17
BC2	TUMOR	63	1
BC2	TUMOR	64	1
BC2	TUMOR	66	20
BC2	TUMOR	71	5
BC2	TUMOR	72	2
BC2	TUMOR	74	3
BC2	TUMOR	75	1
BC2	TUMOR	76	18
BC2	TUMOR	77	3
BC2	TUMOR	78	2
BC2	TUMOR	80	1
BC2	TUMOR	81	22
BC2	TUMOR	83	1
BC2	TUMOR	85	4
BC2	TUMOR	87	3
BC2	TUMOR	88	5
BC2	TUMOR	90	3
BC2	TUMOR	92	11
BC3	NORMAL	3	2
BC3	NORMAL	5	1
BC3	NORMAL	9	39
BC3	NORMAL	20	4
BC3	NORMAL	21	1
BC3	NORMAL	24	182
BC3	NORMAL	27	1
BC3	NORMAL	29	3
BC3	NORMAL	31	1
BC3	NORMAL	38	3
BC3	NORMAL	39	13
BC3	TUMOR	2	1
BC3	TUMOR	3	11
BC3	TUMOR	4	7
BC3	TUMOR	5	32
BC3	TUMOR	6	5
BC3	TUMOR	9	133
BC3	TUMOR	11	11
BC3	TUMOR	12	1
BC3	TUMOR	16	4
BC3	TUMOR	20	15
BC3	TUMOR	21	1
BC3	TUMOR	23	1
BC3	TUMOR	24	394
BC3	TUMOR	25	1
BC3	TUMOR	27	7
BC3	TUMOR	29	16
BC3	TUMOR	35	2
BC3	TUMOR	36	2
BC3	TUMOR	38	31
BC3	TUMOR	39	102
BC3	TUMOR	42	2
BC3	TUMOR	44	1
BC3	TUMOR	46	5
BC3	TUMOR	48	1
BC3	TUMOR	50	1
BC3	TUMOR	51	1
BC3	TUMOR	61	1
BC4	BLOOD	1	8170
BC4	BLOOD	2	101
BC4	BLOOD	3	60
BC4	BLOOD	4	2764
BC4	BLOOD	5	34
BC4	BLOOD	6	1158
BC4	BLOOD	8	61
BC4	BLOOD	9	2
BC4	BLOOD	11	15
BC4	BLOOD	12	43
BC4	BLOOD	15	2
BC4	BLOOD	16	94
BC4	BLOOD	19	131
BC4	BLOOD	20	1
BC4	BLOOD	21	11
BC4	BLOOD	23	1
BC4	BLOOD	24	5
BC4	BLOOD	27	1
BC4	BLOOD	29	16
BC4	BLOOD	30	297
BC4	BLOOD	35	23
BC4	BLOOD	36	135
BC4	BLOOD	38	2
BC4	BLOOD	40	5
BC4	BLOOD	41	3
BC4	BLOOD	46	1
BC4	BLOOD	47	1
BC4	BLOOD	53	56
BC4	BLOOD	55	69
BC4	BLOOD	57	1
BC4	BLOOD	74	1
BC4	BLOOD	90	1
BC4	BLOOD	92	1
BC4	TUMOR	1	120
BC4	TUMOR	2	797
BC4	TUMOR	3	422
BC4	TUMOR	4	484
BC4	TUMOR	5	1590
BC4	TUMOR	6	45
BC4	TUMOR	8	66
BC4	TUMOR	9	1164
BC4	TUMOR	11	118
BC4	TUMOR	12	347
BC4	TUMOR	15	51
BC4	TUMOR	16	125
BC4	TUMOR	19	5
BC4	TUMOR	21	145
BC4	TUMOR	23	18
BC4	TUMOR	24	47
BC4	TUMOR	25	3
BC4	TUMOR	27	71
BC4	TUMOR	29	93
BC4	TUMOR	30	7
BC4	TUMOR	31	160
BC4	TUMOR	35	1
BC4	TUMOR	36	19
BC4	TUMOR	37	2
BC4	TUMOR	38	41
BC4	TUMOR	39	1
BC4	TUMOR	40	38
BC4	TUMOR	41	5
BC4	TUMOR	43	8
BC4	TUMOR	44	106
BC4	TUMOR	46	2
BC4	TUMOR	47	2
BC4	TUMOR	49	95
BC4	TUMOR	50	9
BC4	TUMOR	51	4
BC4	TUMOR	53	14
BC4	TUMOR	54	4
BC4	TUMOR	56	1
BC4	TUMOR	57	1
BC4	TUMOR	58	5
BC4	TUMOR	59	3
BC4	TUMOR	61	63
BC4	TUMOR	64	4
BC4	TUMOR	73	47
BC4	TUMOR	76	4
BC5	TUMOR	1	1
BC5	TUMOR	2	11
BC5	TUMOR	3	2
BC5	TUMOR	4	4
BC5	TUMOR	5	6
BC5	TUMOR	6	2
BC5	TUMOR	8	21
BC5	TUMOR	9	1
BC5	TUMOR	11	26
BC5	TUMOR	12	21
BC5	TUMOR	15	26
BC5	TUMOR	16	17
BC5	TUMOR	21	2
BC5	TUMOR	23	7
BC5	TUMOR	24	3
BC5	TUMOR	25	5
BC5	TUMOR	27	16
BC5	TUMOR	29	13
BC5	TUMOR	31	16
BC5	TUMOR	37	15
BC5	TUMOR	38	18
BC5	TUMOR	39	2
BC5	TUMOR	40	33
BC5	TUMOR	41	1
BC5	TUMOR	43	24
BC5	TUMOR	44	5
BC5	TUMOR	45	26
BC5	TUMOR	46	30
BC5	TUMOR	47	24
BC5	TUMOR	48	100
BC5	TUMOR	50	21
BC5	TUMOR	51	15
BC5	TUMOR	53	1
BC5	TUMOR	54	7
BC5	TUMOR	56	31
BC5	TUMOR	57	63
BC5	TUMOR	58	7
BC5	TUMOR	59	21
BC5	TUMOR	60	17
BC5	TUMOR	62	43
BC5	TUMOR	63	62
BC5	TUMOR	64	16
BC5	TUMOR	65	56
BC5	TUMOR	66	31
BC5	TUMOR	67	48
BC5	TUMOR	68	49
BC5	TUMOR	70	49
BC5	TUMOR	71	42
BC5	TUMOR	72	45
BC5	TUMOR	74	42
BC5	TUMOR	75	43
BC5	TUMOR	76	10
BC5	TUMOR	77	39
BC5	TUMOR	78	35
BC5	TUMOR	80	39
BC5	TUMOR	81	14
BC5	TUMOR	82	38
BC5	TUMOR	83	37
BC5	TUMOR	84	36
BC5	TUMOR	85	31
BC5	TUMOR	86	37
BC5	TUMOR	87	33
BC5	TUMOR	88	31
BC5	TUMOR	89	35
BC5	TUMOR	90	24
BC5	TUMOR	91	35
BC5	TUMOR	92	19
BC5	TUMOR	93	33
BC5	TUMOR	94	33
BC5	TUMOR	95	33
BC6	TUMOR	1	6
BC6	TUMOR	2	161
BC6	TUMOR	3	12
BC6	TUMOR	4	26
BC6	TUMOR	5	57
BC6	TUMOR	6	21
BC6	TUMOR	8	111
BC6	TUMOR	9	2
BC6	TUMOR	11	431
BC6	TUMOR	12	161
BC6	TUMOR	15	221
BC6	TUMOR	16	207
BC6	TUMOR	21	134
BC6	TUMOR	23	481
BC6	TUMOR	24	6
BC6	TUMOR	25	476
BC6	TUMOR	27	50
BC6	TUMOR	28	626
BC6	TUMOR	29	11
BC6	TUMOR	31	39
BC6	TUMOR	36	2
BC6	TUMOR	37	33
BC6	TUMOR	38	8
BC6	TUMOR	39	2
BC6	TUMOR	40	27
BC6	TUMOR	41	67
BC6	TUMOR	43	2
BC6	TUMOR	45	1
BC6	TUMOR	46	2
BC6	TUMOR	47	12
BC6	TUMOR	50	24
BC6	TUMOR	51	11
BC6	TUMOR	53	1
BC6	TUMOR	54	19
BC6	TUMOR	56	9
BC6	TUMOR	58	19
BC6	TUMOR	59	1
BC6	TUMOR	60	2
BC6	TUMOR	64	9
BC6	TUMOR	67	1
BC6	TUMOR	68	1
BC6	TUMOR	78	2
BC6	TUMOR	81	1
BC6	TUMOR	85	1
BC6	TUMOR	92	2
BC7	NORMAL	1	2
BC7	NORMAL	2	21
BC7	NORMAL	3	8
BC7	NORMAL	4	10
BC7	NORMAL	5	19
BC7	NORMAL	8	1
BC7	NORMAL	11	9
BC7	NORMAL	12	19
BC7	NORMAL	15	3
BC7	NORMAL	16	18
BC7	NORMAL	21	12
BC7	NORMAL	23	1
BC7	NORMAL	24	2
BC7	NORMAL	25	1
BC7	NORMAL	27	8
BC7	NORMAL	29	41
BC7	NORMAL	30	1
BC7	NORMAL	36	2
BC7	NORMAL	38	8
BC7	NORMAL	40	9
BC7	NORMAL	41	1
BC7	NORMAL	58	1
BC7	NORMAL	64	1
BC7	TUMOR	1	5
BC7	TUMOR	2	189
BC7	TUMOR	3	22
BC7	TUMOR	4	24
BC7	TUMOR	5	92
BC7	TUMOR	6	15
BC7	TUMOR	8	58
BC7	TUMOR	9	22
BC7	TUMOR	11	140
BC7	TUMOR	12	99
BC7	TUMOR	15	82
BC7	TUMOR	16	115
BC7	TUMOR	19	2
BC7	TUMOR	21	235
BC7	TUMOR	23	24
BC7	TUMOR	24	3
BC7	TUMOR	25	17
BC7	TUMOR	27	56
BC7	TUMOR	29	165
BC7	TUMOR	30	3
BC7	TUMOR	31	132
BC7	TUMOR	36	2
BC7	TUMOR	37	27
BC7	TUMOR	38	17
BC7	TUMOR	40	34
BC7	TUMOR	41	33
BC7	TUMOR	43	4
BC7	TUMOR	44	5
BC7	TUMOR	46	1
BC7	TUMOR	47	4
BC7	TUMOR	48	1
BC7	TUMOR	50	7
BC7	TUMOR	51	2
BC7	TUMOR	53	1
BC7	TUMOR	54	20
BC7	TUMOR	56	1
BC7	TUMOR	58	14
BC7	TUMOR	59	4
BC7	TUMOR	62	1
BC7	TUMOR	64	10
BC7	TUMOR	67	1
BC7	TUMOR	84	1
BC7	TUMOR	90	3
BC8	TUMOR	1	26
BC8	TUMOR	2	89
BC8	TUMOR	3	13
BC8	TUMOR	4	28
BC8	TUMOR	5	102
BC8	TUMOR	6	10
BC8	TUMOR	8	23
BC8	TUMOR	9	1
BC8	TUMOR	11	231
BC8	TUMOR	12	202
BC8	TUMOR	15	591
BC8	TUMOR	16	68
BC8	TUMOR	19	4
BC8	TUMOR	21	269
BC8	TUMOR	23	256
BC8	TUMOR	24	5
BC8	TUMOR	25	169
BC8	TUMOR	27	62
BC8	TUMOR	28	1
BC8	TUMOR	29	7
BC8	TUMOR	30	7
BC8	TUMOR	31	11
BC8	TUMOR	36	1
BC8	TUMOR	37	167
BC8	TUMOR	38	12
BC8	TUMOR	40	21
BC8	TUMOR	41	21
BC8	TUMOR	43	1
BC8	TUMOR	44	2
BC8	TUMOR	45	7
BC8	TUMOR	46	3
BC8	TUMOR	47	57
BC8	TUMOR	49	1
BC8	TUMOR	50	14
BC8	TUMOR	51	20
BC8	TUMOR	53	1
BC8	TUMOR	54	29
BC8	TUMOR	55	1
BC8	TUMOR	56	25
BC8	TUMOR	57	1
BC8	TUMOR	58	7
BC8	TUMOR	59	1
BC8	TUMOR	62	2
BC8	TUMOR	64	12
BC8	TUMOR	66	3
BC8	TUMOR	71	1
BC8	TUMOR	75	1
BC8	TUMOR	76	3
BC8	TUMOR	77	2
BC8	TUMOR	78	3
BC8	TUMOR	81	1
BC8	TUMOR	85	1
BC8	TUMOR	92	1
