validation_program	rank	gene	loading
A1	1	FTH1	7.942332795374064
A1	2	TXNIP	6.013294488598083
A1	3	CEBPD	4.586383146170385
A1	4	IGKC	2.9791980005290526
A1	5	VCAN	1.662836358904489
A1	6	S100A9	1.5942448787457228
A1	7	HMOX1	1.5653817882449441
A1	8	ATP2B1	1.5542703482249611
A1	9	F13A1	1.373834724941024
A1	10	MRC1	1.3500162542346175
A1	11	TIMP1	1.2262884248254706
A1	12	ATP5J2	1.0376257385294982
A1	13	CPM	0.9968676300032994
A1	14	INPP5D	0.9905372688416828
A1	15	CD93	0.8258649321187075
A1	16	PAPOLA	0.8214007398967877
A1	17	TM9SF3	0.7926817035421552
A1	18	IL1B	0.7251409454921147
A1	19	SMARCA2	0.7080017730147411
A1	20	DUSP6	0.6901249160825346
A1	21	C8ORF59	0.6876295556718219
A1	22	RSL1D1	0.6864936109860408
A1	23	PARP1	0.6333860246826052
A1	24	GNA13	0.6323568805151002
A1	25	TTC3	0.6148684177220517
A1	26	STX7	0.612986669005438
A1	27	S100A8	0.6013750855305836
A1	28	BLVRB	0.5567728385972079
A1	29	NDUFA3	0.5538650246949995
A1	30	MRPL51	0.5441559055786541
A1	31	EMB	0.500667838021748
A1	32	CAMK1D	0.49751868850284053
A1	33	VMA21	0.4951192135666319
A1	34	MAPK3	0.4695126113609247
A1	35	PSMC5	0.4477076322829079
A1	36	TPSB2	0.4448419948389173
A1	37	CPA3	0.43886043480133313
A1	38	FABP4	0.43463359096778476
A1	39	NR1H2	0.434219786810333
A1	40	GRAMD1A	0.4295495235685135
A1	41	NDUFS8	0.42033911622094283
A1	42	SNRPF	0.410892922358446
A1	43	PDCD6	0.4050605018524064
A1	44	NOL7	0.4017746719540876
A1	45	SSH2	0.3975859697378471
A1	46	BAZ2A	0.3937272546570715
A1	47	IFI27L2	0.38999674208986757
A1	48	FKBP8	0.3867435077995653
A1	49	ITPRIPL2	0.3809823506889406
A1	50	COL1A1	0.38018526802854413
A2	1	HSPA1A	3.577471093205646
A2	2	TIMP1	2.636539887276173
A2	3	DNAJB1	2.613331949783724
A2	4	ISG15	2.3860123370709325
A2	5	FTH1	2.376493529843734
A2	6	CEBPD	1.7118032033439607
A2	7	APOBEC3A	1.6975818125403566
A2	8	S100A9	1.5647156400108968
A2	9	RNASE1	1.5021700522523942
A2	10	VCAN	1.4256391450324926
A2	11	S100A8	1.342972795386407
A2	12	IL1RN	1.2370197499088749
A2	13	TXNIP	1.0502073167131603
A2	14	HSPA6	0.9863890987894722
A2	15	IGKC	0.717622380603937
A2	16	GNA13	0.6944011508119144
A2	17	CXCL10	0.5500088261306136
A2	18	SLC16A10	0.5258634744539554
A2	19	CCL3	0.5183052148777312
A2	20	BLVRA	0.4976956749243176
A2	21	CCL4	0.49475890743052814
A2	22	FABP5	0.4812602335317277
A2	23	HMOX1	0.4283616588901922
A2	24	CCL2	0.4128333162529263
A2	25	CCL3L3	0.4084216823464203
A2	26	STAB1	0.4037263913425326
A2	27	ATP5J2	0.3756887534773069
A2	28	BLVRB	0.3643590167042985
A2	29	SNRPF	0.34800802140311193
A2	30	CXCL8	0.34226235020457424
A2	31	IL1B	0.3405845631584712
A2	32	DUSP6	0.3327433087037635
A2	33	NDUFA3	0.29555941527082596
A2	34	TM9SF3	0.286158590214921
A2	35	MRPL51	0.27113958617049544
A2	36	CD93	0.27083549910578275
A2	37	PAPOLA	0.2687051027475356
A2	38	C5AR2	0.26820982419770956
A2	39	SMIM7	0.25812298021772156
A2	40	CCL8	0.22231026664704015
A2	41	FN1	0.22165599550032328
A2	42	NDUFAF3	0.21882340780308204
A2	43	CD82	0.21401625359589585
A2	44	PSMC5	0.198432745450047
A2	45	GLYR1	0.19831256324269755
A2	46	PRAM1	0.19497761102375885
A2	47	LPCAT1	0.188928758023579
A2	48	INPP5D	0.18378040291010378
A2	49	MTMR6	0.18195220787134858
A2	50	NOL7	0.17412036834414918
A3	1	C3	4.7769641437658485
A3	2	CEBPD	3.249585531176764
A3	3	FTH1	2.271617382530082
A3	4	TXNIP	2.139608674557761
A3	5	CX3CR1	1.9180629524098087
A3	6	FCGBP	1.9055706656099698
A3	7	CCL3	1.5386952856791236
A3	8	CCL4	1.1845397239127702
A3	9	HSPA1A	1.1702304934544967
A3	10	INPP5D	1.111340938932602
A3	11	CCL3L3	1.0926609149468478
A3	12	HTRA1	0.9916177303466206
A3	13	CCL4L2	0.9673951359450007
A3	14	GAL3ST4	0.9339072527376122
A3	15	DUSP6	0.7874705871626656
A3	16	STAB1	0.7829882709485868
A3	17	DNAJB1	0.7104978664685724
A3	18	SLC40A1	0.6218318394057646
A3	19	IL1B	0.5821720949239716
A3	20	CXCL8	0.5089832443420754
A3	21	IGSF21	0.5027846499321775
A3	22	PARP1	0.4396162795471575
A3	23	GPR65	0.4378322742374482
A3	24	HMOX1	0.4374496599819356
A3	25	ITPRIPL2	0.4362308436368908
A3	26	TTC3	0.43517724883701475
A3	27	CAMK1D	0.41989089978604677
A3	28	MGP	0.4071145632996411
A3	29	SNRPF	0.4068075332248268
A3	30	SMARCA2	0.37812250797834795
A3	31	ETV5	0.35865458570910713
A3	32	SPRY1	0.3493779026303249
A3	33	STX7	0.33430504733581734
A3	34	FAM134C	0.32991987784012217
A3	35	CD93	0.328130390953486
A3	36	CLDN1	0.31179509275371814
A3	37	PSMC5	0.3115905536755516
A3	38	MLLT6	0.29729249069537894
A3	39	SLC11A2	0.29712940420280476
A3	40	MAP3K11	0.2954747383367303
A3	41	CPM	0.2926994350378154
A3	42	ADGRG1	0.29076373042732323
A3	43	LTBP3	0.28955261540252003
A3	44	VMA21	0.28426595355825973
A3	45	SSH2	0.2840029534516965
A3	46	PDCD6	0.2735460944555147
A3	47	GAS6	0.2713339300970869
A3	48	ATP5J2	0.2665289956754048
A3	49	ZRANB2	0.252206410509525
A3	50	CIZ1	0.24846695127757193
A4	1	SPP1	6.390994417801912
A4	2	FN1	5.176915485868626
A4	3	FTH1	4.6871774700113535
A4	4	ACP5	3.416467967810414
A4	5	HMOX1	1.7140734189570956
A4	6	CCL3	1.665864239889735
A4	7	FABP5	1.6347858231156054
A4	8	VAT1	1.5716193412329975
A4	9	TIMP3	1.5308628444374623
A4	10	CYP27A1	1.432800962642013
A4	11	CHI3L1	1.2869313471972477
A4	12	IFI27	1.2539156697739653
A4	13	FABP4	1.2457234532129766
A4	14	IL1RN	1.2073261463562661
A4	15	CPM	1.1488917481567569
A4	16	NUPR1	1.1124158284992507
A4	17	CCL4	1.0697801863286416
A4	18	CD82	1.0194682823488825
A4	19	ATP5J2	0.9377188585934615
A4	20	PLTP	0.8792672390764342
A4	21	TXNIP	0.8309374134834198
A4	22	HTRA1	0.6928122592663878
A4	23	BLVRB	0.6823136737541661
A4	24	CCL18	0.634350592154994
A4	25	S100A9	0.5575548797189271
A4	26	MRPL51	0.5088859720158141
A4	27	NDUFAF3	0.5041975257773148
A4	28	PARVB	0.4978938174500592
A4	29	FUOM	0.48358016026842826
A4	30	ISG15	0.45311365444915774
A4	31	NAGLU	0.45160652600055906
A4	32	TM9SF3	0.41428173960289144
A4	33	PAPOLA	0.4127283389189206
A4	34	CXCL8	0.4116339620809515
A4	35	PDCD6	0.3961157636097903
A4	36	IFI27L2	0.39063789369190655
A4	37	CCL2	0.38088609508253435
A4	38	GNA13	0.3671518962410228
A4	39	GAL3ST4	0.35818659512796913
A4	40	SLC7A8	0.3402339527245273
A4	41	STX7	0.33997530090360917
A4	42	PXDC1	0.3394529388834275
A4	43	GALM	0.3277438690910214
A4	44	NDUFA3	0.3254140563924674
A4	45	ACOX1	0.3160343093438229
A4	46	GLYR1	0.3052526164324694
A4	47	ITPRIPL2	0.3041338194821593
A4	48	WDFY4	0.3036893845686742
A4	49	ST3GAL5	0.29948990279072396
A4	50	SLC8B1	0.2979965014678701
A5	1	RNASE1	4.945923630295906
A5	2	SEPP1	4.598794747835442
A5	3	PLTP	3.453322906333209
A5	4	FOLR2	2.010124923110487
A5	5	F13A1	1.7464248267541018
A5	6	MRC1	1.5961259548846292
A5	7	SLC40A1	1.4273956849863376
A5	8	FTH1	1.2737047454598815
A5	9	LYVE1	1.1869730850202387
A5	10	STAB1	1.156188505249987
A5	11	BLVRB	0.8759247623507876
A5	12	CD209	0.7711702910529544
A5	13	GAS6	0.7693311826284948
A5	14	CPM	0.75799954238333
A5	15	TMEM37	0.5873525541842636
A5	16	HSPA1A	0.5507042387000969
A5	17	ITSN1	0.5171043862791546
A5	18	CCL3	0.4930189286240552
A5	19	TXNIP	0.43573845351983337
A5	20	CCDC152	0.43054097826743737
A5	21	EMB	0.3948543296086136
A5	22	DUSP6	0.38768696571163647
A5	23	VAT1	0.37632357921049
A5	24	CEBPD	0.37224165350879784
A5	25	HMOX1	0.3587411753803445
A5	26	CCL4	0.358714959243004
A5	27	FOXRED2	0.33808969145749984
A5	28	COL1A1	0.31281417877110285
A5	29	BLVRA	0.31048274425518196
A5	30	CXCL8	0.2853140843629936
A5	31	CD93	0.27445742235567866
A5	32	FABP4	0.2618022141159053
A5	33	SLC7A8	0.24797721144173296
A5	34	IFI27	0.242339047550193
A5	35	CCL18	0.23918508649412581
A5	36	ABCA6	0.23416270091857813
A5	37	CCL3L3	0.2186832176824715
A5	38	FKBP8	0.21430055246929075
A5	39	PIK3C2A	0.2088812821668348
A5	40	FBXO18	0.20517408768161982
A5	41	ACP5	0.19249500944638487
A5	42	NR1H2	0.1876431045753441
A5	43	STX7	0.1851150286234282
A5	44	CCL2	0.18108045174259954
A5	45	KCNQ1	0.18016150578465062
A5	46	ITPRIPL2	0.17906526808279075
A5	47	MGP	0.17575099412327097
A5	48	DSC2	0.1754400264915998
A5	49	CD82	0.17208607757194117
A5	50	CCL8	0.17104122721416903
