cohort	treatment	subcluster	cells
Patient01	Base	myeloid_00	76
Patient01	Base	myeloid_01	116
Patient01	Base	myeloid_02	86
Patient01	Base	myeloid_03	670
Patient01	Base	myeloid_04	409
Patient01	Base	myeloid_05	140
Patient01	Base	myeloid_06	417
Patient01	Base	myeloid_07	36
Patient01	Base	myeloid_08	55
Patient01	Base	myeloid_09	778
Patient01	Base	myeloid_10	27
Patient01	Base	myeloid_11	638
Patient01	RTPD1	myeloid_00	107
Patient01	RTPD1	myeloid_01	386
Patient01	RTPD1	myeloid_02	91
Patient01	RTPD1	myeloid_03	836
Patient01	RTPD1	myeloid_04	271
Patient01	RTPD1	myeloid_05	89
Patient01	RTPD1	myeloid_06	11
Patient01	RTPD1	myeloid_07	88
Patient01	RTPD1	myeloid_08	50
Patient01	RTPD1	myeloid_09	247
Patient01	RTPD1	myeloid_10	391
Patient01	RTPD1	myeloid_11	2447
Patient02	Base	myeloid_01	64
Patient02	Base	myeloid_03	263
Patient02	Base	myeloid_04	13
Patient02	Base	myeloid_05	25
Patient02	Base	myeloid_06	13
Patient02	Base	myeloid_07	47
Patient02	Base	myeloid_08	24
Patient02	Base	myeloid_09	119
Patient02	Base	myeloid_10	1
Patient02	Base	myeloid_11	413
Patient02	PD1	myeloid_00	2
Patient02	PD1	myeloid_01	8
Patient02	PD1	myeloid_02	10
Patient02	PD1	myeloid_03	80
Patient02	PD1	myeloid_04	31
Patient02	PD1	myeloid_05	1
Patient02	PD1	myeloid_06	4
Patient02	PD1	myeloid_07	35
Patient02	PD1	myeloid_08	30
Patient02	PD1	myeloid_09	33
Patient02	PD1	myeloid_10	3
Patient02	PD1	myeloid_11	181
Patient02	RTPD1	myeloid_00	6
Patient02	RTPD1	myeloid_01	21
Patient02	RTPD1	myeloid_02	31
Patient02	RTPD1	myeloid_03	46
Patient02	RTPD1	myeloid_04	62
Patient02	RTPD1	myeloid_05	6
Patient02	RTPD1	myeloid_06	1
Patient02	RTPD1	myeloid_07	20
Patient02	RTPD1	myeloid_08	20
Patient02	RTPD1	myeloid_09	89
Patient02	RTPD1	myeloid_10	3
Patient02	RTPD1	myeloid_11	314
Patient03T1	Base	myeloid_00	6
Patient03T1	Base	myeloid_03	41
Patient03T1	Base	myeloid_04	13
Patient03T1	Base	myeloid_05	5
Patient03T1	Base	myeloid_06	22
Patient03T1	Base	myeloid_08	1
Patient03T1	Base	myeloid_09	1
Patient03T1	Base	myeloid_11	90
Patient03T1	PD1	myeloid_00	5
Patient03T1	PD1	myeloid_01	2
Patient03T1	PD1	myeloid_02	2
Patient03T1	PD1	myeloid_03	15
Patient03T1	PD1	myeloid_04	8
Patient03T1	PD1	myeloid_05	3
Patient03T1	PD1	myeloid_06	1
Patient03T1	PD1	myeloid_07	1
Patient03T1	PD1	myeloid_08	1
Patient03T1	PD1	myeloid_09	13
Patient03T1	PD1	myeloid_11	5
Patient03T1	RTPD1	myeloid_04	1
Patient03T2	Base	myeloid_01	1
Patient03T2	Base	myeloid_02	2
Patient03T2	Base	myeloid_03	29
Patient03T2	Base	myeloid_04	1
Patient03T2	Base	myeloid_05	1
Patient03T2	Base	myeloid_06	4
Patient03T2	Base	myeloid_07	5
Patient03T2	Base	myeloid_08	5
Patient03T2	Base	myeloid_09	3
Patient03T2	Base	myeloid_11	8
Patient03T2	PD1	myeloid_00	547
Patient03T2	PD1	myeloid_01	16
Patient03T2	PD1	myeloid_02	3
Patient03T2	PD1	myeloid_03	50
Patient03T2	PD1	myeloid_04	451
Patient03T2	PD1	myeloid_05	47
Patient03T2	PD1	myeloid_06	5
Patient03T2	PD1	myeloid_07	1
Patient03T2	PD1	myeloid_08	11
Patient03T2	PD1	myeloid_09	52
Patient03T2	PD1	myeloid_10	98
Patient03T2	PD1	myeloid_11	153
Patient03T2	RTPD1	myeloid_00	1
Patient03T2	RTPD1	myeloid_01	2
Patient03T2	RTPD1	myeloid_02	1
Patient03T2	RTPD1	myeloid_03	9
Patient03T2	RTPD1	myeloid_04	58
Patient03T2	RTPD1	myeloid_08	4
Patient03T2	RTPD1	myeloid_09	14
Patient03T2	RTPD1	myeloid_10	20
Patient03T2	RTPD1	myeloid_11	17
Patient04	Base	myeloid_01	2
Patient04	Base	myeloid_03	12
Patient04	Base	myeloid_04	42
Patient04	Base	myeloid_05	3
Patient04	Base	myeloid_07	2
Patient04	Base	myeloid_08	11
Patient04	Base	myeloid_09	70
Patient04	Base	myeloid_11	15
Patient04	PD1	myeloid_01	1
Patient04	PD1	myeloid_03	5
Patient04	PD1	myeloid_04	2
Patient04	PD1	myeloid_05	5
Patient04	PD1	myeloid_08	1
Patient04	PD1	myeloid_09	14
Patient04	PD1	myeloid_11	2
Patient04	RTPD1	myeloid_00	96
Patient04	RTPD1	myeloid_01	11
Patient04	RTPD1	myeloid_02	6
Patient04	RTPD1	myeloid_03	17
Patient04	RTPD1	myeloid_04	24
Patient04	RTPD1	myeloid_05	8
Patient04	RTPD1	myeloid_07	6
Patient04	RTPD1	myeloid_08	6
Patient04	RTPD1	myeloid_09	54
Patient04	RTPD1	myeloid_10	3
Patient04	RTPD1	myeloid_11	48
Patient05	Base	myeloid_00	2
Patient05	Base	myeloid_01	14
Patient05	Base	myeloid_02	16
Patient05	Base	myeloid_03	118
Patient05	Base	myeloid_04	162
Patient05	Base	myeloid_05	5
Patient05	Base	myeloid_07	18
Patient05	Base	myeloid_08	13
Patient05	Base	myeloid_09	46
Patient05	Base	myeloid_10	4
Patient05	Base	myeloid_11	291
Patient05	PD1	myeloid_00	2
Patient05	PD1	myeloid_01	13
Patient05	PD1	myeloid_02	5
Patient05	PD1	myeloid_03	48
Patient05	PD1	myeloid_04	13
Patient05	PD1	myeloid_05	6
Patient05	PD1	myeloid_06	9
Patient05	PD1	myeloid_07	18
Patient05	PD1	myeloid_08	6
Patient05	PD1	myeloid_09	49
Patient05	PD1	myeloid_10	6
Patient05	PD1	myeloid_11	77
Patient05	RTPD1	myeloid_00	1
Patient05	RTPD1	myeloid_01	18
Patient05	RTPD1	myeloid_02	2
Patient05	RTPD1	myeloid_03	38
Patient05	RTPD1	myeloid_04	92
Patient05	RTPD1	myeloid_05	4
Patient05	RTPD1	myeloid_07	8
Patient05	RTPD1	myeloid_08	15
Patient05	RTPD1	myeloid_09	89
Patient05	RTPD1	myeloid_10	11
Patient05	RTPD1	myeloid_11	50
Patient06	Base	myeloid_00	8
Patient06	Base	myeloid_01	16
Patient06	Base	myeloid_02	781
Patient06	Base	myeloid_03	282
Patient06	Base	myeloid_04	681
Patient06	Base	myeloid_05	35
Patient06	Base	myeloid_06	6
Patient06	Base	myeloid_07	14
Patient06	Base	myeloid_08	21
Patient06	Base	myeloid_09	310
Patient06	Base	myeloid_10	646
Patient06	Base	myeloid_11	259
Patient06	PD1	myeloid_00	235
Patient06	PD1	myeloid_01	12
Patient06	PD1	myeloid_02	4
Patient06	PD1	myeloid_03	63
Patient06	PD1	myeloid_04	135
Patient06	PD1	myeloid_05	23
Patient06	PD1	myeloid_06	2
Patient06	PD1	myeloid_07	9
Patient06	PD1	myeloid_08	4
Patient06	PD1	myeloid_09	92
Patient06	PD1	myeloid_10	302
Patient06	PD1	myeloid_11	140
Patient06	RTPD1	myeloid_00	13
Patient06	RTPD1	myeloid_01	16
Patient06	RTPD1	myeloid_02	7
Patient06	RTPD1	myeloid_03	98
Patient06	RTPD1	myeloid_04	692
Patient06	RTPD1	myeloid_05	32
Patient06	RTPD1	myeloid_07	34
Patient06	RTPD1	myeloid_08	8
Patient06	RTPD1	myeloid_09	184
Patient06	RTPD1	myeloid_10	894
Patient06	RTPD1	myeloid_11	101
Patient07	Base	myeloid_00	1
Patient07	Base	myeloid_01	13
Patient07	Base	myeloid_03	30
Patient07	Base	myeloid_04	39
Patient07	Base	myeloid_05	4
Patient07	Base	myeloid_07	16
Patient07	Base	myeloid_08	11
Patient07	Base	myeloid_09	97
Patient07	Base	myeloid_10	56
Patient07	Base	myeloid_11	38
Patient07	PD1	myeloid_00	2
Patient07	PD1	myeloid_01	15
Patient07	PD1	myeloid_02	2
Patient07	PD1	myeloid_03	5
Patient07	PD1	myeloid_04	32
Patient07	PD1	myeloid_05	3
Patient07	PD1	myeloid_09	9
Patient07	PD1	myeloid_10	62
Patient07	PD1	myeloid_11	28
Patient07	RTPD1	myeloid_00	259
Patient07	RTPD1	myeloid_01	58
Patient07	RTPD1	myeloid_02	51
Patient07	RTPD1	myeloid_03	261
Patient07	RTPD1	myeloid_04	546
Patient07	RTPD1	myeloid_05	63
Patient07	RTPD1	myeloid_06	10
Patient07	RTPD1	myeloid_07	19
Patient07	RTPD1	myeloid_08	17
Patient07	RTPD1	myeloid_09	143
Patient07	RTPD1	myeloid_10	292
Patient07	RTPD1	myeloid_11	192
Patient09	Base	myeloid_00	16
Patient09	Base	myeloid_01	503
Patient09	Base	myeloid_02	9
Patient09	Base	myeloid_03	192
Patient09	Base	myeloid_04	118
Patient09	Base	myeloid_05	94
Patient09	Base	myeloid_06	113
Patient09	Base	myeloid_07	98
Patient09	Base	myeloid_08	29
Patient09	Base	myeloid_09	98
Patient09	Base	myeloid_11	551
Patient09	PD1	myeloid_00	3
Patient09	PD1	myeloid_01	103
Patient09	PD1	myeloid_02	3
Patient09	PD1	myeloid_03	77
Patient09	PD1	myeloid_04	56
Patient09	PD1	myeloid_05	69
Patient09	PD1	myeloid_06	35
Patient09	PD1	myeloid_07	41
Patient09	PD1	myeloid_08	22
Patient09	PD1	myeloid_09	45
Patient09	PD1	myeloid_10	2
Patient09	PD1	myeloid_11	700
Patient09	RTPD1	myeloid_00	3
Patient09	RTPD1	myeloid_01	402
Patient09	RTPD1	myeloid_02	2
Patient09	RTPD1	myeloid_03	24
Patient09	RTPD1	myeloid_04	150
Patient09	RTPD1	myeloid_05	26
Patient09	RTPD1	myeloid_06	2
Patient09	RTPD1	myeloid_07	63
Patient09	RTPD1	myeloid_08	37
Patient09	RTPD1	myeloid_09	91
Patient09	RTPD1	myeloid_10	2
Patient09	RTPD1	myeloid_11	590
Patient10	Base	myeloid_00	32
Patient10	Base	myeloid_01	1050
Patient10	Base	myeloid_02	62
Patient10	Base	myeloid_03	852
Patient10	Base	myeloid_04	326
Patient10	Base	myeloid_05	328
Patient10	Base	myeloid_06	194
Patient10	Base	myeloid_07	25
Patient10	Base	myeloid_08	32
Patient10	Base	myeloid_09	98
Patient10	Base	myeloid_10	21
Patient10	Base	myeloid_11	387
Patient10	PD1	myeloid_00	9
Patient10	PD1	myeloid_01	541
Patient10	PD1	myeloid_02	12
Patient10	PD1	myeloid_03	162
Patient10	PD1	myeloid_04	704
Patient10	PD1	myeloid_05	101
Patient10	PD1	myeloid_06	75
Patient10	PD1	myeloid_07	21
Patient10	PD1	myeloid_08	29
Patient10	PD1	myeloid_09	107
Patient10	PD1	myeloid_10	18
Patient10	PD1	myeloid_11	204
Patient10	RTPD1	myeloid_00	38
Patient10	RTPD1	myeloid_01	2996
Patient10	RTPD1	myeloid_02	49
Patient10	RTPD1	myeloid_03	109
Patient10	RTPD1	myeloid_04	1461
Patient10	RTPD1	myeloid_05	493
Patient10	RTPD1	myeloid_06	29
Patient10	RTPD1	myeloid_07	31
Patient10	RTPD1	myeloid_08	9
Patient10	RTPD1	myeloid_09	104
Patient10	RTPD1	myeloid_10	48
Patient10	RTPD1	myeloid_11	1027
Patient11	Base	myeloid_00	1
Patient11	Base	myeloid_01	3
Patient11	Base	myeloid_03	27
Patient11	Base	myeloid_04	7
Patient11	Base	myeloid_05	5
Patient11	Base	myeloid_06	2
Patient11	Base	myeloid_07	4
Patient11	Base	myeloid_08	3
Patient11	Base	myeloid_09	24
Patient11	Base	myeloid_11	13
Patient11	PD1	myeloid_00	322
Patient11	PD1	myeloid_01	11
Patient11	PD1	myeloid_03	54
Patient11	PD1	myeloid_04	38
Patient11	PD1	myeloid_05	21
Patient11	PD1	myeloid_06	2
Patient11	PD1	myeloid_07	11
Patient11	PD1	myeloid_08	4
Patient11	PD1	myeloid_09	61
Patient11	PD1	myeloid_10	42
Patient11	PD1	myeloid_11	119
Patient11	RTPD1	myeloid_00	5
Patient11	RTPD1	myeloid_01	89
Patient11	RTPD1	myeloid_03	32
Patient11	RTPD1	myeloid_04	117
Patient11	RTPD1	myeloid_05	1
Patient11	RTPD1	myeloid_07	2
Patient11	RTPD1	myeloid_08	2
Patient11	RTPD1	myeloid_09	26
Patient11	RTPD1	myeloid_10	32
Patient11	RTPD1	myeloid_11	341
Patient12	Base	myeloid_00	19
Patient12	Base	myeloid_01	22
Patient12	Base	myeloid_02	145
Patient12	Base	myeloid_03	383
Patient12	Base	myeloid_04	96
Patient12	Base	myeloid_05	22
Patient12	Base	myeloid_06	51
Patient12	Base	myeloid_07	64
Patient12	Base	myeloid_08	23
Patient12	Base	myeloid_09	96
Patient12	Base	myeloid_10	16
Patient12	Base	myeloid_11	646
Patient12	PD1	myeloid_00	4
Patient12	PD1	myeloid_01	44
Patient12	PD1	myeloid_02	5
Patient12	PD1	myeloid_03	456
Patient12	PD1	myeloid_04	255
Patient12	PD1	myeloid_05	12
Patient12	PD1	myeloid_06	30
Patient12	PD1	myeloid_07	50
Patient12	PD1	myeloid_08	23
Patient12	PD1	myeloid_09	150
Patient12	PD1	myeloid_11	531
Patient12	RTPD1	myeloid_00	37
Patient12	RTPD1	myeloid_01	72
Patient12	RTPD1	myeloid_02	15
Patient12	RTPD1	myeloid_03	433
Patient12	RTPD1	myeloid_04	507
Patient12	RTPD1	myeloid_05	8
Patient12	RTPD1	myeloid_06	3
Patient12	RTPD1	myeloid_07	61
Patient12	RTPD1	myeloid_08	80
Patient12	RTPD1	myeloid_09	250
Patient12	RTPD1	myeloid_10	30
Patient12	RTPD1	myeloid_11	997
Patient15	Base	myeloid_00	1
Patient15	Base	myeloid_01	8
Patient15	Base	myeloid_03	20
Patient15	Base	myeloid_04	5
Patient15	Base	myeloid_05	2
Patient15	Base	myeloid_06	1
Patient15	Base	myeloid_07	2
Patient15	Base	myeloid_08	1
Patient15	Base	myeloid_09	11
Patient15	Base	myeloid_11	6
Patient15	PD1	myeloid_00	2225
Patient15	PD1	myeloid_01	64
Patient15	PD1	myeloid_02	14
Patient15	PD1	myeloid_03	95
Patient15	PD1	myeloid_04	77
Patient15	PD1	myeloid_05	194
Patient15	PD1	myeloid_06	148
Patient15	PD1	myeloid_07	10
Patient15	PD1	myeloid_08	7
Patient15	PD1	myeloid_09	60
Patient15	PD1	myeloid_10	168
Patient15	PD1	myeloid_11	148
Patient15	RTPD1	myeloid_00	62
Patient15	RTPD1	myeloid_01	51
Patient15	RTPD1	myeloid_02	1
Patient15	RTPD1	myeloid_03	17
Patient15	RTPD1	myeloid_04	32
Patient15	RTPD1	myeloid_05	22
Patient15	RTPD1	myeloid_06	39
Patient15	RTPD1	myeloid_08	3
Patient15	RTPD1	myeloid_09	6
Patient15	RTPD1	myeloid_10	6
Patient15	RTPD1	myeloid_11	46
Patient16	Base	myeloid_00	1
Patient16	Base	myeloid_01	37
Patient16	Base	myeloid_03	68
Patient16	Base	myeloid_04	10
Patient16	Base	myeloid_05	9
Patient16	Base	myeloid_07	43
Patient16	Base	myeloid_08	27
Patient16	Base	myeloid_09	75
Patient16	Base	myeloid_10	1
Patient16	Base	myeloid_11	111
Patient16	PD1	myeloid_01	59
Patient16	PD1	myeloid_02	4
Patient16	PD1	myeloid_03	116
Patient16	PD1	myeloid_04	21
Patient16	PD1	myeloid_05	36
Patient16	PD1	myeloid_06	3
Patient16	PD1	myeloid_07	123
Patient16	PD1	myeloid_08	85
Patient16	PD1	myeloid_09	211
Patient16	PD1	myeloid_10	6
Patient16	PD1	myeloid_11	795
Patient16	RTPD1	myeloid_00	4
Patient16	RTPD1	myeloid_01	10
Patient16	RTPD1	myeloid_02	3
Patient16	RTPD1	myeloid_03	14
Patient16	RTPD1	myeloid_04	143
Patient16	RTPD1	myeloid_05	4
Patient16	RTPD1	myeloid_07	113
Patient16	RTPD1	myeloid_08	115
Patient16	RTPD1	myeloid_09	407
Patient16	RTPD1	myeloid_10	331
Patient16	RTPD1	myeloid_11	965
Patient17	Base	myeloid_00	3
Patient17	Base	myeloid_01	119
Patient17	Base	myeloid_02	6
Patient17	Base	myeloid_03	158
Patient17	Base	myeloid_04	115
Patient17	Base	myeloid_05	112
Patient17	Base	myeloid_06	3
Patient17	Base	myeloid_07	67
Patient17	Base	myeloid_08	72
Patient17	Base	myeloid_09	287
Patient17	Base	myeloid_10	70
Patient17	Base	myeloid_11	435
Patient17	PD1	myeloid_00	49
Patient17	PD1	myeloid_01	137
Patient17	PD1	myeloid_03	20
Patient17	PD1	myeloid_04	53
Patient17	PD1	myeloid_05	70
Patient17	PD1	myeloid_06	10
Patient17	PD1	myeloid_07	14
Patient17	PD1	myeloid_08	15
Patient17	PD1	myeloid_09	59
Patient17	PD1	myeloid_10	49
Patient17	PD1	myeloid_11	352
Patient17	RTPD1	myeloid_00	4
Patient17	RTPD1	myeloid_01	84
Patient17	RTPD1	myeloid_02	3
Patient17	RTPD1	myeloid_03	8
Patient17	RTPD1	myeloid_04	121
Patient17	RTPD1	myeloid_05	29
Patient17	RTPD1	myeloid_06	17
Patient17	RTPD1	myeloid_07	4
Patient17	RTPD1	myeloid_08	19
Patient17	RTPD1	myeloid_09	50
Patient17	RTPD1	myeloid_10	16
Patient17	RTPD1	myeloid_11	780
Patient18	Base	myeloid_00	23
Patient18	Base	myeloid_01	86
Patient18	Base	myeloid_02	6
Patient18	Base	myeloid_03	224
Patient18	Base	myeloid_04	174
Patient18	Base	myeloid_05	57
Patient18	Base	myeloid_06	85
Patient18	Base	myeloid_07	10
Patient18	Base	myeloid_08	8
Patient18	Base	myeloid_09	43
Patient18	Base	myeloid_10	18
Patient18	Base	myeloid_11	550
Patient18	PD1	myeloid_00	1
Patient18	PD1	myeloid_01	4
Patient18	PD1	myeloid_03	33
Patient18	PD1	myeloid_04	13
Patient18	PD1	myeloid_05	5
Patient18	PD1	myeloid_07	20
Patient18	PD1	myeloid_08	9
Patient18	PD1	myeloid_09	53
Patient18	PD1	myeloid_10	10
Patient18	PD1	myeloid_11	122
Patient18	RTPD1	myeloid_01	2
Patient18	RTPD1	myeloid_03	41
Patient18	RTPD1	myeloid_04	26
Patient18	RTPD1	myeloid_05	5
Patient18	RTPD1	myeloid_07	65
Patient18	RTPD1	myeloid_08	40
Patient18	RTPD1	myeloid_09	65
Patient18	RTPD1	myeloid_10	2
Patient18	RTPD1	myeloid_11	179
Patient19	Base	myeloid_00	6
Patient19	Base	myeloid_01	28
Patient19	Base	myeloid_02	1
Patient19	Base	myeloid_03	35
Patient19	Base	myeloid_04	117
Patient19	Base	myeloid_05	11
Patient19	Base	myeloid_07	4
Patient19	Base	myeloid_08	10
Patient19	Base	myeloid_09	71
Patient19	Base	myeloid_10	53
Patient19	Base	myeloid_11	77
Patient19	PD1	myeloid_00	771
Patient19	PD1	myeloid_01	100
Patient19	PD1	myeloid_02	11
Patient19	PD1	myeloid_03	140
Patient19	PD1	myeloid_04	231
Patient19	PD1	myeloid_05	128
Patient19	PD1	myeloid_06	11
Patient19	PD1	myeloid_07	29
Patient19	PD1	myeloid_08	31
Patient19	PD1	myeloid_09	168
Patient19	PD1	myeloid_10	268
Patient19	PD1	myeloid_11	993
Patient19	RTPD1	myeloid_00	44
Patient19	RTPD1	myeloid_01	147
Patient19	RTPD1	myeloid_02	7
Patient19	RTPD1	myeloid_03	152
Patient19	RTPD1	myeloid_04	758
Patient19	RTPD1	myeloid_05	85
Patient19	RTPD1	myeloid_06	7
Patient19	RTPD1	myeloid_07	47
Patient19	RTPD1	myeloid_08	21
Patient19	RTPD1	myeloid_09	277
Patient19	RTPD1	myeloid_10	629
Patient19	RTPD1	myeloid_11	1630
Patient20	Base	myeloid_00	10
Patient20	Base	myeloid_01	9
Patient20	Base	myeloid_02	2
Patient20	Base	myeloid_03	29
Patient20	Base	myeloid_04	2
Patient20	Base	myeloid_05	3
Patient20	Base	myeloid_06	77
Patient20	Base	myeloid_07	2
Patient20	Base	myeloid_09	1
Patient20	Base	myeloid_10	3
Patient20	Base	myeloid_11	62
Patient20	PD1	myeloid_00	38
Patient20	PD1	myeloid_01	236
Patient20	PD1	myeloid_02	14
Patient20	PD1	myeloid_03	358
Patient20	PD1	myeloid_04	14
Patient20	PD1	myeloid_05	72
Patient20	PD1	myeloid_06	210
Patient20	PD1	myeloid_07	19
Patient20	PD1	myeloid_08	4
Patient20	PD1	myeloid_09	36
Patient20	PD1	myeloid_10	12
Patient20	PD1	myeloid_11	478
Patient20	RTPD1	myeloid_00	9
Patient20	RTPD1	myeloid_01	55
Patient20	RTPD1	myeloid_02	73
Patient20	RTPD1	myeloid_03	150
Patient20	RTPD1	myeloid_04	245
Patient20	RTPD1	myeloid_05	8
Patient20	RTPD1	myeloid_07	19
Patient20	RTPD1	myeloid_08	13
Patient20	RTPD1	myeloid_09	25
Patient20	RTPD1	myeloid_10	107
Patient20	RTPD1	myeloid_11	286
Patient23	Base	myeloid_00	95
Patient23	Base	myeloid_01	22
Patient23	Base	myeloid_02	1498
Patient23	Base	myeloid_03	382
Patient23	Base	myeloid_04	181
Patient23	Base	myeloid_05	40
Patient23	Base	myeloid_06	18
Patient23	Base	myeloid_07	23
Patient23	Base	myeloid_08	61
Patient23	Base	myeloid_09	244
Patient23	Base	myeloid_10	70
Patient23	Base	myeloid_11	909
Patient23	PD1	myeloid_00	2
Patient23	PD1	myeloid_01	24
Patient23	PD1	myeloid_02	1
Patient23	PD1	myeloid_03	29
Patient23	PD1	myeloid_04	107
Patient23	PD1	myeloid_05	1
Patient23	PD1	myeloid_08	6
Patient23	PD1	myeloid_09	26
Patient23	PD1	myeloid_10	3
Patient23	PD1	myeloid_11	6
Patient23	RTPD1	myeloid_00	1
Patient23	RTPD1	myeloid_01	4
Patient23	RTPD1	myeloid_02	2
Patient23	RTPD1	myeloid_03	29
Patient23	RTPD1	myeloid_04	14
Patient23	RTPD1	myeloid_05	2
Patient23	RTPD1	myeloid_07	1
Patient23	RTPD1	myeloid_09	12
Patient23	RTPD1	myeloid_10	73
Patient23	RTPD1	myeloid_11	10
Patient26	Base	myeloid_00	12
Patient26	Base	myeloid_01	111
Patient26	Base	myeloid_02	26
Patient26	Base	myeloid_03	28
Patient26	Base	myeloid_04	66
Patient26	Base	myeloid_05	58
Patient26	Base	myeloid_06	60
Patient26	Base	myeloid_08	2
Patient26	Base	myeloid_09	12
Patient26	Base	myeloid_10	4
Patient26	Base	myeloid_11	136
Patient26	PD1	myeloid_00	52
Patient26	PD1	myeloid_01	4
Patient26	PD1	myeloid_02	1
Patient26	PD1	myeloid_03	3
Patient26	PD1	myeloid_04	27
Patient26	PD1	myeloid_05	83
Patient26	PD1	myeloid_06	1
Patient26	PD1	myeloid_07	2
Patient26	PD1	myeloid_10	457
Patient26	PD1	myeloid_11	40
Patient26	RTPD1	myeloid_00	1682
Patient26	RTPD1	myeloid_01	379
Patient26	RTPD1	myeloid_02	6
Patient26	RTPD1	myeloid_03	98
Patient26	RTPD1	myeloid_04	172
Patient26	RTPD1	myeloid_05	33
Patient26	RTPD1	myeloid_06	7
Patient26	RTPD1	myeloid_07	18
Patient26	RTPD1	myeloid_08	31
Patient26	RTPD1	myeloid_09	57
Patient26	RTPD1	myeloid_10	132
Patient26	RTPD1	myeloid_11	1532
Patient30	Base	myeloid_02	2
Patient30	Base	myeloid_04	3
Patient30	Base	myeloid_05	6
Patient30	Base	myeloid_06	3
Patient30	Base	myeloid_07	2
Patient30	Base	myeloid_09	2
Patient30	Base	myeloid_10	2
Patient30	Base	myeloid_11	21
Patient30	PD1	myeloid_00	2
Patient30	PD1	myeloid_01	7
Patient30	PD1	myeloid_02	89
Patient30	PD1	myeloid_03	338
Patient30	PD1	myeloid_04	22
Patient30	PD1	myeloid_05	42
Patient30	PD1	myeloid_06	2
Patient30	PD1	myeloid_07	28
Patient30	PD1	myeloid_08	19
Patient30	PD1	myeloid_09	102
Patient30	PD1	myeloid_10	5
Patient30	PD1	myeloid_11	624
Patient30	RTPD1	myeloid_00	57
Patient30	RTPD1	myeloid_01	6
Patient30	RTPD1	myeloid_02	10
Patient30	RTPD1	myeloid_03	114
Patient30	RTPD1	myeloid_04	130
Patient30	RTPD1	myeloid_05	40
Patient30	RTPD1	myeloid_06	3
Patient30	RTPD1	myeloid_07	36
Patient30	RTPD1	myeloid_08	36
Patient30	RTPD1	myeloid_09	58
Patient30	RTPD1	myeloid_10	64
Patient30	RTPD1	myeloid_11	1326
Patient39	Base	myeloid_00	5
Patient39	Base	myeloid_01	8
Patient39	Base	myeloid_03	17
Patient39	Base	myeloid_04	9
Patient39	Base	myeloid_09	2
Patient39	Base	myeloid_11	25
Patient39	PD1	myeloid_00	2
Patient39	PD1	myeloid_01	59
Patient39	PD1	myeloid_02	10
Patient39	PD1	myeloid_03	168
Patient39	PD1	myeloid_04	120
Patient39	PD1	myeloid_05	20
Patient39	PD1	myeloid_07	16
Patient39	PD1	myeloid_08	17
Patient39	PD1	myeloid_09	120
Patient39	PD1	myeloid_10	387
Patient39	PD1	myeloid_11	107
Patient39	RTPD1	myeloid_01	4
Patient39	RTPD1	myeloid_02	1
Patient39	RTPD1	myeloid_03	29
Patient39	RTPD1	myeloid_04	134
Patient39	RTPD1	myeloid_08	2
Patient39	RTPD1	myeloid_09	30
Patient39	RTPD1	myeloid_10	25
Patient39	RTPD1	myeloid_11	11
Patient42	Base	myeloid_01	10
Patient42	Base	myeloid_03	40
Patient42	Base	myeloid_04	511
Patient42	Base	myeloid_05	3
Patient42	Base	myeloid_07	8
Patient42	Base	myeloid_08	11
Patient42	Base	myeloid_09	60
Patient42	Base	myeloid_10	2
Patient42	Base	myeloid_11	15
Patient42	PD1	myeloid_00	4
Patient42	PD1	myeloid_01	13
Patient42	PD1	myeloid_02	3
Patient42	PD1	myeloid_03	86
Patient42	PD1	myeloid_04	9
Patient42	PD1	myeloid_05	12
Patient42	PD1	myeloid_06	34
Patient42	PD1	myeloid_07	20
Patient42	PD1	myeloid_08	2
Patient42	PD1	myeloid_09	7
Patient42	PD1	myeloid_11	219
Patient42	RTPD1	myeloid_01	2
Patient42	RTPD1	myeloid_03	53
Patient42	RTPD1	myeloid_04	477
Patient42	RTPD1	myeloid_05	1
Patient42	RTPD1	myeloid_07	10
Patient42	RTPD1	myeloid_08	16
Patient42	RTPD1	myeloid_09	59
Patient42	RTPD1	myeloid_10	5
Patient42	RTPD1	myeloid_11	83
Patient43	Base	myeloid_01	7
Patient43	Base	myeloid_03	36
Patient43	Base	myeloid_04	28
Patient43	Base	myeloid_05	3
Patient43	Base	myeloid_07	9
Patient43	Base	myeloid_08	6
Patient43	Base	myeloid_09	29
Patient43	Base	myeloid_10	30
Patient43	Base	myeloid_11	27
Patient43	PD1	myeloid_00	9
Patient43	PD1	myeloid_01	173
Patient43	PD1	myeloid_02	12
Patient43	PD1	myeloid_03	252
Patient43	PD1	myeloid_04	688
Patient43	PD1	myeloid_05	30
Patient43	PD1	myeloid_06	1
Patient43	PD1	myeloid_07	74
Patient43	PD1	myeloid_08	78
Patient43	PD1	myeloid_09	465
Patient43	PD1	myeloid_10	575
Patient43	PD1	myeloid_11	250
Patient43	RTPD1	myeloid_00	13
Patient43	RTPD1	myeloid_01	53
Patient43	RTPD1	myeloid_02	15
Patient43	RTPD1	myeloid_03	73
Patient43	RTPD1	myeloid_04	38
Patient43	RTPD1	myeloid_05	24
Patient43	RTPD1	myeloid_06	52
Patient43	RTPD1	myeloid_07	7
Patient43	RTPD1	myeloid_08	7
Patient43	RTPD1	myeloid_09	30
Patient43	RTPD1	myeloid_10	9
Patient43	RTPD1	myeloid_11	173
Patient45	Base	myeloid_01	4
Patient45	Base	myeloid_03	23
Patient45	Base	myeloid_04	20
Patient45	Base	myeloid_05	3
Patient45	Base	myeloid_07	5
Patient45	Base	myeloid_08	5
Patient45	Base	myeloid_09	42
Patient45	Base	myeloid_10	1
Patient45	Base	myeloid_11	37
Patient45	PD1	myeloid_00	115
Patient45	PD1	myeloid_01	241
Patient45	PD1	myeloid_02	102
Patient45	PD1	myeloid_03	178
Patient45	PD1	myeloid_04	260
Patient45	PD1	myeloid_05	44
Patient45	PD1	myeloid_06	111
Patient45	PD1	myeloid_07	20
Patient45	PD1	myeloid_08	19
Patient45	PD1	myeloid_09	45
Patient45	PD1	myeloid_10	22
Patient45	PD1	myeloid_11	270
Patient45	RTPD1	myeloid_02	1
Patient45	RTPD1	myeloid_04	6
Patient45	RTPD1	myeloid_07	2
Patient45	RTPD1	myeloid_08	1
Patient45	RTPD1	myeloid_09	1
Patient45	RTPD1	myeloid_11	1
Patient46	Base	myeloid_00	45
Patient46	Base	myeloid_01	120
Patient46	Base	myeloid_02	8
Patient46	Base	myeloid_03	176
Patient46	Base	myeloid_04	106
Patient46	Base	myeloid_05	97
Patient46	Base	myeloid_06	341
Patient46	Base	myeloid_07	1
Patient46	Base	myeloid_08	9
Patient46	Base	myeloid_09	29
Patient46	Base	myeloid_10	1
Patient46	Base	myeloid_11	280
Patient46	PD1	myeloid_00	12
Patient46	PD1	myeloid_01	86
Patient46	PD1	myeloid_02	6
Patient46	PD1	myeloid_03	272
Patient46	PD1	myeloid_04	30
Patient46	PD1	myeloid_05	46
Patient46	PD1	myeloid_06	235
Patient46	PD1	myeloid_07	90
Patient46	PD1	myeloid_08	24
Patient46	PD1	myeloid_09	108
Patient46	PD1	myeloid_11	232
Patient46	RTPD1	myeloid_01	5
Patient46	RTPD1	myeloid_03	28
Patient46	RTPD1	myeloid_04	17
Patient46	RTPD1	myeloid_07	9
Patient46	RTPD1	myeloid_08	22
Patient46	RTPD1	myeloid_09	59
Patient46	RTPD1	myeloid_11	131
Patient47	Base	myeloid_00	2
Patient47	Base	myeloid_01	48
Patient47	Base	myeloid_02	8
Patient47	Base	myeloid_03	211
Patient47	Base	myeloid_04	42
Patient47	Base	myeloid_05	17
Patient47	Base	myeloid_06	26
Patient47	Base	myeloid_07	28
Patient47	Base	myeloid_08	9
Patient47	Base	myeloid_09	88
Patient47	Base	myeloid_10	1
Patient47	Base	myeloid_11	172
Patient47	PD1	myeloid_00	25
Patient47	PD1	myeloid_01	242
Patient47	PD1	myeloid_02	22
Patient47	PD1	myeloid_03	287
Patient47	PD1	myeloid_04	40
Patient47	PD1	myeloid_05	77
Patient47	PD1	myeloid_06	109
Patient47	PD1	myeloid_07	30
Patient47	PD1	myeloid_08	24
Patient47	PD1	myeloid_09	60
Patient47	PD1	myeloid_11	375
Patient47	RTPD1	myeloid_03	10
Patient47	RTPD1	myeloid_04	12
Patient47	RTPD1	myeloid_07	16
Patient47	RTPD1	myeloid_08	23
Patient47	RTPD1	myeloid_09	53
Patient47	RTPD1	myeloid_11	110
Patient48	Base	myeloid_00	1
Patient48	Base	myeloid_01	10
Patient48	Base	myeloid_03	38
Patient48	Base	myeloid_04	26
Patient48	Base	myeloid_05	5
Patient48	Base	myeloid_06	1
Patient48	Base	myeloid_07	2
Patient48	Base	myeloid_08	3
Patient48	Base	myeloid_09	23
Patient48	Base	myeloid_10	1
Patient48	Base	myeloid_11	11
Patient48	PD1	myeloid_00	1
Patient48	PD1	myeloid_01	5
Patient48	PD1	myeloid_02	1
Patient48	PD1	myeloid_03	6
Patient48	PD1	myeloid_04	24
Patient48	PD1	myeloid_05	6
Patient48	PD1	myeloid_06	1
Patient48	PD1	myeloid_07	4
Patient48	PD1	myeloid_08	2
Patient48	PD1	myeloid_09	12
Patient48	PD1	myeloid_10	1
Patient48	PD1	myeloid_11	19
Patient48	RTPD1	myeloid_02	27
Patient48	RTPD1	myeloid_03	21
Patient48	RTPD1	myeloid_04	51
Patient48	RTPD1	myeloid_05	3
Patient48	RTPD1	myeloid_07	1
Patient48	RTPD1	myeloid_08	2
Patient48	RTPD1	myeloid_09	12
Patient48	RTPD1	myeloid_10	13
Patient48	RTPD1	myeloid_11	26
Patient52	Base	myeloid_01	15
Patient52	Base	myeloid_03	134
Patient52	Base	myeloid_04	97
Patient52	Base	myeloid_05	2
Patient52	Base	myeloid_07	1
Patient52	Base	myeloid_08	7
Patient52	Base	myeloid_09	77
Patient52	Base	myeloid_11	20
Patient52	PD1	myeloid_00	9
Patient52	PD1	myeloid_01	10
Patient52	PD1	myeloid_03	18
Patient52	PD1	myeloid_04	168
Patient52	PD1	myeloid_05	3
Patient52	PD1	myeloid_07	1
Patient52	PD1	myeloid_08	1
Patient52	PD1	myeloid_09	43
Patient52	PD1	myeloid_10	8
Patient52	PD1	myeloid_11	67
Patient52	RTPD1	myeloid_01	1
Patient52	RTPD1	myeloid_03	4
Patient52	RTPD1	myeloid_04	23
Patient52	RTPD1	myeloid_05	1
Patient52	RTPD1	myeloid_07	5
Patient52	RTPD1	myeloid_08	1
Patient52	RTPD1	myeloid_09	5
Patient52	RTPD1	myeloid_11	2
Patient53	Base	myeloid_00	70
Patient53	Base	myeloid_01	237
Patient53	Base	myeloid_02	6
Patient53	Base	myeloid_03	119
Patient53	Base	myeloid_04	54
Patient53	Base	myeloid_05	504
Patient53	Base	myeloid_06	456
Patient53	Base	myeloid_07	29
Patient53	Base	myeloid_08	21
Patient53	Base	myeloid_09	31
Patient53	Base	myeloid_10	2
Patient53	Base	myeloid_11	1006
Patient53	PD1	myeloid_00	2
Patient53	PD1	myeloid_01	17
Patient53	PD1	myeloid_02	7
Patient53	PD1	myeloid_03	189
Patient53	PD1	myeloid_04	37
Patient53	PD1	myeloid_05	68
Patient53	PD1	myeloid_06	40
Patient53	PD1	myeloid_07	19
Patient53	PD1	myeloid_08	15
Patient53	PD1	myeloid_09	42
Patient53	PD1	myeloid_10	9
Patient53	PD1	myeloid_11	275
Patient53	RTPD1	myeloid_00	6
Patient53	RTPD1	myeloid_01	52
Patient53	RTPD1	myeloid_02	7
Patient53	RTPD1	myeloid_03	131
Patient53	RTPD1	myeloid_04	283
Patient53	RTPD1	myeloid_05	12
Patient53	RTPD1	myeloid_06	1
Patient53	RTPD1	myeloid_07	7
Patient53	RTPD1	myeloid_08	48
Patient53	RTPD1	myeloid_09	134
Patient53	RTPD1	myeloid_10	206
Patient53	RTPD1	myeloid_11	118
Patient56	Base	myeloid_00	79
Patient56	Base	myeloid_01	120
Patient56	Base	myeloid_02	49
Patient56	Base	myeloid_03	428
Patient56	Base	myeloid_04	31
Patient56	Base	myeloid_05	223
Patient56	Base	myeloid_06	501
Patient56	Base	myeloid_07	41
Patient56	Base	myeloid_08	30
Patient56	Base	myeloid_09	180
Patient56	Base	myeloid_10	26
Patient56	Base	myeloid_11	520
Patient56	PD1	myeloid_00	49
Patient56	PD1	myeloid_01	115
Patient56	PD1	myeloid_02	3
Patient56	PD1	myeloid_03	406
Patient56	PD1	myeloid_04	113
Patient56	PD1	myeloid_05	178
Patient56	PD1	myeloid_06	339
Patient56	PD1	myeloid_07	34
Patient56	PD1	myeloid_08	33
Patient56	PD1	myeloid_09	154
Patient56	PD1	myeloid_10	11
Patient56	PD1	myeloid_11	746
Patient56	RTPD1	myeloid_00	6
Patient56	RTPD1	myeloid_01	12
Patient56	RTPD1	myeloid_02	1
Patient56	RTPD1	myeloid_03	46
Patient56	RTPD1	myeloid_04	66
Patient56	RTPD1	myeloid_05	35
Patient56	RTPD1	myeloid_06	3
Patient56	RTPD1	myeloid_07	20
Patient56	RTPD1	myeloid_08	30
Patient56	RTPD1	myeloid_09	58
Patient56	RTPD1	myeloid_10	15
Patient56	RTPD1	myeloid_11	971
Patient57	PD1	myeloid_00	100
Patient57	PD1	myeloid_01	114
Patient57	PD1	myeloid_02	425
Patient57	PD1	myeloid_03	523
Patient57	PD1	myeloid_04	159
Patient57	PD1	myeloid_05	155
Patient57	PD1	myeloid_06	1
Patient57	PD1	myeloid_07	11
Patient57	PD1	myeloid_08	36
Patient57	PD1	myeloid_09	177
Patient57	PD1	myeloid_10	492
Patient57	PD1	myeloid_11	647
Patient57	RTPD1	myeloid_00	16
Patient57	RTPD1	myeloid_01	31
Patient57	RTPD1	myeloid_02	23
Patient57	RTPD1	myeloid_03	154
Patient57	RTPD1	myeloid_04	444
Patient57	RTPD1	myeloid_05	24
Patient57	RTPD1	myeloid_07	23
Patient57	RTPD1	myeloid_08	45
Patient57	RTPD1	myeloid_09	202
Patient57	RTPD1	myeloid_10	840
Patient57	RTPD1	myeloid_11	300
Patient63	Base	myeloid_04	6
Patient63	Base	myeloid_05	1
Patient63	Base	myeloid_07	5
Patient63	Base	myeloid_09	3
Patient63	PD1	myeloid_00	1
Patient63	PD1	myeloid_01	2
Patient63	PD1	myeloid_02	31
Patient63	PD1	myeloid_03	29
Patient63	PD1	myeloid_04	24
Patient63	PD1	myeloid_07	2
Patient63	PD1	myeloid_09	4
Patient63	PD1	myeloid_11	19
Patient63	RTPD1	myeloid_01	1
Patient63	RTPD1	myeloid_03	11
Patient63	RTPD1	myeloid_04	5
Patient63	RTPD1	myeloid_05	1
Patient63	RTPD1	myeloid_07	3
Patient63	RTPD1	myeloid_08	10
Patient63	RTPD1	myeloid_09	37
Patient63	RTPD1	myeloid_11	2
Patient64	Base	myeloid_04	3
Patient64	Base	myeloid_05	1
Patient64	Base	myeloid_09	2
Patient64	PD1	myeloid_01	1
Patient64	PD1	myeloid_02	1
Patient64	PD1	myeloid_03	30
Patient64	PD1	myeloid_04	58
Patient64	PD1	myeloid_05	3
Patient64	PD1	myeloid_07	2
Patient64	PD1	myeloid_08	3
Patient64	PD1	myeloid_09	28
Patient64	PD1	myeloid_10	21
Patient64	PD1	myeloid_11	8
Patient64	RTPD1	myeloid_00	2
Patient64	RTPD1	myeloid_03	5
Patient64	RTPD1	myeloid_04	6
Patient64	RTPD1	myeloid_06	1
Patient64	RTPD1	myeloid_10	4
Patient64	RTPD1	myeloid_11	2
Patient66	Base	myeloid_00	1
Patient66	Base	myeloid_01	1
Patient66	Base	myeloid_03	2
Patient66	Base	myeloid_04	68
Patient66	Base	myeloid_05	1
Patient66	Base	myeloid_07	1
Patient66	Base	myeloid_08	1
Patient66	Base	myeloid_09	9
Patient66	Base	myeloid_10	27
Patient66	Base	myeloid_11	2
Patient66	PD1	myeloid_02	1
Patient66	PD1	myeloid_03	7
Patient66	PD1	myeloid_04	3
Patient66	PD1	myeloid_05	1
Patient66	PD1	myeloid_06	1
Patient66	PD1	myeloid_07	1
Patient66	PD1	myeloid_08	4
Patient66	PD1	myeloid_09	20
Patient66	PD1	myeloid_11	11
Patient66	RTPD1	myeloid_04	7
Patient66	RTPD1	myeloid_08	1
Patient66	RTPD1	myeloid_11	1
