cohort	unit	target	spots	high_P4_spots	observed_neighbor_effect	null_median	excess_over_null	permutation_p	fdr_within_unit
Wu discovery	1142243F	cd8_cytotoxic	4657	1165	0.018567608069903402	0.00030945962680573383	0.018258148443097668	0.0004997501249375312	0.0004997501249375312
Wu discovery	1142243F	tcell_exhaustion	4657	1165	0.007886429094162851	0.00020599520402821841	0.007680433890134633	0.0004997501249375312	0.0004997501249375312
Wu discovery	1142243F	tcell_ifng_response	4657	1165	0.045046198742399624	0.000776241391936161	0.04426995735046346	0.0004997501249375312	0.0004997501249375312
Wu discovery	1142243F	tcell_progenitor	4657	1165	0.012179059168458795	0.0003530350187358512	0.011826024149722943	0.0004997501249375312	0.0004997501249375312
Wu discovery	1160920F	cd8_cytotoxic	4846	1212	0.030954082770850766	-0.004196680870002328	0.035150763640853094	0.0004997501249375312	0.0004997501249375312
Wu discovery	1160920F	tcell_exhaustion	4846	1212	0.012052620587148871	-0.001670403046648207	0.013723023633797078	0.0004997501249375312	0.0004997501249375312
Wu discovery	1160920F	tcell_ifng_response	4846	1212	0.08427367759139326	0.00031815666008494503	0.08395552093130831	0.0004997501249375312	0.0004997501249375312
Wu discovery	1160920F	tcell_progenitor	4846	1212	0.014470142827426119	-0.00907821645716865	0.02354835928459477	0.0004997501249375312	0.0004997501249375312
Wu discovery	CID4290	cd8_cytotoxic	2425	607	-0.0009065365344196556	-0.00010551998965945952	-0.000801016544760196	0.30134932533733133	0.6026986506746627
Wu discovery	CID4290	tcell_exhaustion	2425	607	0.007519027672905951	-0.00029191286509207097	0.007810940537998022	0.0004997501249375312	0.001999000499750125
Wu discovery	CID4290	tcell_ifng_response	2425	607	-0.001349588651296349	-0.0009001236057987333	-0.0004494650454976157	0.8705647176411794	0.8705647176411794
Wu discovery	CID4290	tcell_progenitor	2425	607	0.0005909352536743254	-8.830372439585718e-06	0.0005997656261139111	0.591704147926037	0.7889388639013827
Wu discovery	CID4465	cd8_cytotoxic	1207	302	0.037646925257832364	0.00023505988429203817	0.037411865373540326	0.0004997501249375312	0.0006663334999167083
Wu discovery	CID4465	tcell_exhaustion	1207	302	0.011053808472264004	0.0003563666436775456	0.010697441828586458	0.004997501249375313	0.004997501249375313
Wu discovery	CID4465	tcell_ifng_response	1207	302	0.09932054703328308	0.003089730183219841	0.09623081685006324	0.0004997501249375312	0.0006663334999167083
Wu discovery	CID4465	tcell_progenitor	1207	302	0.027292537212194018	-7.144662969561788e-05	0.027363983841889636	0.0004997501249375312	0.0006663334999167083
Wu discovery	CID44971	cd8_cytotoxic	1161	291	0.018660594062329394	0.04617203790343244	-0.027511443841103045	0.0004997501249375312	0.001999000499750125
Wu discovery	CID44971	tcell_exhaustion	1161	291	0.026652242258140182	0.030923653790441784	-0.004271411532301601	0.248375812093953	0.248375812093953
Wu discovery	CID44971	tcell_ifng_response	1161	291	0.17285190826262326	0.1354722586167292	0.03737964964589405	0.0024987506246876563	0.004997501249375313
Wu discovery	CID44971	tcell_progenitor	1161	291	0.025885776348330364	0.04177673295034487	-0.015890956602014505	0.053973013493253376	0.0719640179910045
Wu discovery	CID4535	cd8_cytotoxic	1104	276	0.0853023786101278	0.020094634445151416	0.06520774416497638	0.0004997501249375312	0.0004997501249375312
Wu discovery	CID4535	tcell_exhaustion	1104	276	0.03944232105845219	0.008498762615368055	0.030943558443084135	0.0004997501249375312	0.0004997501249375312
Wu discovery	CID4535	tcell_ifng_response	1104	276	0.09160231813422082	0.019329055819143626	0.07227326231507719	0.0004997501249375312	0.0004997501249375312
Wu discovery	CID4535	tcell_progenitor	1104	276	0.08652243794231412	0.028359553391609255	0.05816288455070487	0.0004997501249375312	0.0004997501249375312
Figshare validation	P1	cd8_cytotoxic	2702	676	0.013339558424001932	0.001100520829732235	0.012239037594269697	0.0004997501249375312	0.0009995002498750624
Figshare validation	P1	tcell_exhaustion	2702	676	0.004918961464814853	-0.0006606908370323725	0.005579652301847225	0.0024987506246876563	0.0033316674995835416
Figshare validation	P1	tcell_ifng_response	2702	676	0.015073105546859478	-0.0046826840139235215	0.019755789560783	0.0004997501249375312	0.0009995002498750624
Figshare validation	P1	tcell_progenitor	2702	676	0.008634954771726086	0.0006184159690892296	0.008016538802636856	0.01999000499750125	0.01999000499750125
Figshare validation	P2	cd8_cytotoxic	2740	685	0.015044608858828565	0.005551545616523618	0.009493063242304946	0.0004997501249375312	0.0004997501249375312
Figshare validation	P2	tcell_exhaustion	2740	685	0.008460798119429756	2.456218864471671e-05	0.00843623593078504	0.0004997501249375312	0.0004997501249375312
Figshare validation	P2	tcell_ifng_response	2740	685	0.010436785190061276	-0.009247203315437533	0.01968398850549881	0.0004997501249375312	0.0004997501249375312
Figshare validation	P2	tcell_progenitor	2740	685	0.013652941750477376	0.00236220298867924	0.011290738761798137	0.0004997501249375312	0.0004997501249375312
Figshare validation	P3	cd8_cytotoxic	999	250	0.0167629192260568	0.015530570718856315	0.0012323485072004842	0.888055972013993	0.888055972013993
Figshare validation	P3	tcell_exhaustion	999	250	0.009622154900877047	0.003872613791685825	0.005749541109191222	0.20589705147426288	0.5367316341829086
Figshare validation	P3	tcell_ifng_response	999	250	-0.014390821601633685	-0.017580347882782593	0.003189526281148908	0.7716141929035483	0.888055972013993
Figshare validation	P3	tcell_progenitor	999	250	0.01461160848922577	0.03141499682611469	-0.016803388336888922	0.2683658170914543	0.5367316341829086
Figshare validation	P4	cd8_cytotoxic	2051	513	0.004784541114504676	0.001362795843103927	0.0034217452714007494	0.10094952523738131	0.13459936698317507
Figshare validation	P4	tcell_exhaustion	2051	513	0.004486068103621274	0.0009049983111221634	0.0035810697924991107	0.05747126436781609	0.11494252873563218
Figshare validation	P4	tcell_ifng_response	2051	513	0.015455943414007994	-0.00040903854309559673	0.01586498195710359	0.0009995002498750624	0.00399800099950025
Figshare validation	P4	tcell_progenitor	2051	513	0.006412597892351407	0.0019203354752800987	0.004492262417071308	0.15642178910544727	0.15642178910544727
Figshare validation	P5	cd8_cytotoxic	1816	454	0.003853806297542379	0.0008871218755625481	0.002966684421979831	0.027486256871564217	0.036648342495418956
Figshare validation	P5	tcell_exhaustion	1816	454	0.006102872735294782	0.0015084613645339404	0.004594411370760842	0.04597701149425287	0.04597701149425287
Figshare validation	P5	tcell_ifng_response	1816	454	0.02109339576232097	0.002087684853613145	0.019005710908707826	0.0014992503748125937	0.0029985007496251873
Figshare validation	P5	tcell_progenitor	1816	454	0.013413239002199193	0.0020596283419485363	0.011353610660250656	0.0004997501249375312	0.001999000499750125
Figshare validation	P6	cd8_cytotoxic	2147	537	0.0033871079372223105	0.0002726096957500349	0.0031144982414722756	0.0034982508745627187	0.0069965017491254375
Figshare validation	P6	tcell_exhaustion	2147	537	0.00200862090588743	-0.0010903186486333621	0.0030989395545207923	0.06046976511744128	0.08062635348992171
Figshare validation	P6	tcell_ifng_response	2147	537	0.012450166317695327	-0.0013977664157523231	0.01384793273344765	0.0009995002498750624	0.00399800099950025
Figshare validation	P6	tcell_progenitor	2147	537	0.002268987002804323	0.0005629949388271504	0.0017059920639771724	0.24537731134432783	0.24537731134432783
Figshare validation	P7	cd8_cytotoxic	2798	700	0.027518595261580223	0.004721053542278475	0.022797541719301748	0.0004997501249375312	0.0006663334999167083
Figshare validation	P7	tcell_exhaustion	2798	700	0.0073508358875401525	0.0010424866630197732	0.006308349224520379	0.00849575212393803	0.00849575212393803
Figshare validation	P7	tcell_ifng_response	2798	700	0.043866771894551404	0.0027818315773896762	0.04108494031716173	0.0004997501249375312	0.0006663334999167083
Figshare validation	P7	tcell_progenitor	2798	700	0.02409636450148528	0.0028520432902481713	0.021244321211237108	0.0004997501249375312	0.0006663334999167083
Figshare validation	P8	cd8_cytotoxic	3241	811	0.0031176074886396683	0.000820682200049147	0.0022969252885905213	0.037481259370314844	0.037481259370314844
Figshare validation	P8	tcell_exhaustion	3241	811	0.004891479484959035	0.00043146645756533125	0.004460013027393704	0.0004997501249375312	0.0009995002498750624
Figshare validation	P8	tcell_ifng_response	3241	811	0.027576990248343425	0.0027714394195338804	0.024805550828809544	0.0004997501249375312	0.0009995002498750624
Figshare validation	P8	tcell_progenitor	3241	811	0.003936888192149726	0.001272731791221178	0.002664156400928548	0.02798600699650175	0.03731467599533567
TNBC94 extension	1	cd8_cytotoxic	1039	260	0.02278594264736121	0.0035075439818401805	0.01927839866552103	0.0004997501249375312	0.0006663334999167083
TNBC94 extension	1	tcell_exhaustion	1039	260	0.0027238372082098034	0.0009670975352494698	0.0017567396729603335	0.5537231384307846	0.5537231384307846
TNBC94 extension	1	tcell_ifng_response	1039	260	0.03254985054128985	0.003984174708924815	0.028565675832365037	0.0004997501249375312	0.0006663334999167083
TNBC94 extension	1	tcell_progenitor	1039	260	0.018715922912742405	0.0036609257367153404	0.015054997176027065	0.0004997501249375312	0.0006663334999167083
TNBC94 extension	2	cd8_cytotoxic	1197	300	0.0007089589412686073	-8.528352082588439e-05	0.0007942424620944917	0.7996001999000499	0.7996001999000499
TNBC94 extension	2	tcell_exhaustion	1197	300	0.0041416747326634765	-0.00012847955800448715	0.004270154290667964	0.062468765617191405	0.24987506246876562
TNBC94 extension	2	tcell_ifng_response	1197	300	0.0033117894751515387	-0.00037726078181472833	0.003689050256966267	0.39780109945027486	0.7956021989005497
TNBC94 extension	2	tcell_progenitor	1197	300	8.418418140483663e-05	-0.0010742803809081353	0.001158464562312972	0.7816091954022989	0.7996001999000499
TNBC94 extension	3	cd8_cytotoxic	595	149	0.02695948466394936	0.001619848959485106	0.025339635704464254	0.0004997501249375312	0.0006663334999167083
TNBC94 extension	3	tcell_exhaustion	595	149	0.007892155618408433	0.000466102654402209	0.0074260529640062245	0.0074962518740629685	0.0074962518740629685
TNBC94 extension	3	tcell_ifng_response	595	149	0.03684470225802847	0.0025246996449683062	0.03432000261306016	0.0004997501249375312	0.0006663334999167083
TNBC94 extension	3	tcell_progenitor	595	149	0.011686503204915554	0.0013927376642717641	0.01029376554064379	0.0004997501249375312	0.0006663334999167083
TNBC94 extension	4	cd8_cytotoxic	629	158	0.022279871845174215	0.007795158485305237	0.014484713359868978	0.15892053973013492	0.44877561219390305
TNBC94 extension	4	tcell_exhaustion	629	158	-0.0014592379230195796	0.002813714574693954	-0.004272952497713534	0.4752623688155922	0.4752623688155922
TNBC94 extension	4	tcell_ifng_response	629	158	-0.016315636007449563	-0.031325241640134005	0.015009605632684442	0.3543228385807096	0.47243045144094614
TNBC94 extension	4	tcell_progenitor	629	158	0.014601724011730433	0.005792957467340432	0.008808766544390001	0.22438780609695153	0.44877561219390305
TNBC94 extension	5	cd8_cytotoxic	1572	393	-0.03322286153670817	-0.012277691874429897	-0.020945169662278273	0.01999000499750125	0.0399800099950025
TNBC94 extension	5	tcell_exhaustion	1572	393	-0.01658396717550842	-0.0052301892610564504	-0.011353777914451968	0.0559720139930035	0.07462935199067133
TNBC94 extension	5	tcell_ifng_response	1572	393	-0.036330891685781075	-0.0017597053270018426	-0.03457118635877923	0.0004997501249375312	0.001999000499750125
TNBC94 extension	5	tcell_progenitor	1572	393	-0.0024174942638954255	-0.0006980985665254319	-0.0017193956973699936	0.7141429285357321	0.7141429285357321
TNBC94 extension	6	cd8_cytotoxic	660	165	0.0016675103589130214	-0.0007064184158282472	0.0023739287747412685	0.6901549225387307	0.6901549225387307
TNBC94 extension	6	tcell_exhaustion	660	165	0.0046082164207869244	-0.00037503441600857806	0.0049832508367955025	0.18840579710144928	0.25120772946859904
TNBC94 extension	6	tcell_ifng_response	660	165	0.00991563575454077	0.0007212795701303787	0.00919435618441039	0.12193903048475763	0.25120772946859904
TNBC94 extension	6	tcell_progenitor	660	165	0.0038211112690354557	-0.0003464001459847106	0.004167511415020166	0.13493253373313344	0.25120772946859904
TNBC94 extension	7	cd8_cytotoxic	891	223	0.01025436394925049	0.008491070204128842	0.0017632937451216475	0.5602198900549725	0.5602198900549725
TNBC94 extension	7	tcell_exhaustion	891	223	0.00839926686421539	0.00236545538039149	0.006033811483823899	0.009495252373813094	0.01266033649841746
TNBC94 extension	7	tcell_ifng_response	891	223	0.018158380740524505	0.0023004582011607252	0.01585792253936378	0.001999000499750125	0.0079960019990005
TNBC94 extension	7	tcell_progenitor	891	223	0.019206163533331898	0.007890888766238065	0.011315274767093833	0.0074962518740629685	0.01266033649841746
TNBC94 extension	8	cd8_cytotoxic	262	66	-0.0008643195490154014	-0.00022053742722549351	-0.0006437821217899079	0.7976011994002998	0.7976011994002998
TNBC94 extension	8	tcell_exhaustion	262	66	-0.006171331615690667	-0.0026809829672804833	-0.003490348648410184	0.5182408795602199	0.7976011994002998
TNBC94 extension	8	tcell_ifng_response	262	66	0.010567250652052787	-0.002293104407729521	0.012860355059782308	0.16991504247876063	0.6796601699150425
TNBC94 extension	8	tcell_progenitor	262	66	-0.001990126329677211	0.0008030182310006378	-0.0027931445606778488	0.6771614192903548	0.7976011994002998
TNBC94 extension	9	cd8_cytotoxic	1167	292	-0.0006734760128861983	0.0009048629290648782	-0.0015783389419510765	0.5592203898050975	0.776111944027986
TNBC94 extension	9	tcell_exhaustion	1167	292	0.0028598117640544554	0.0017971677401380608	0.0010626440239163946	0.6876561719140429	0.776111944027986
TNBC94 extension	9	tcell_ifng_response	1167	292	0.026592538765967733	0.0009459133941387768	0.025646625371828956	0.0004997501249375312	0.001999000499750125
TNBC94 extension	9	tcell_progenitor	1167	292	-0.0001234277013420354	0.0016212270896398887	-0.001744654790981924	0.776111944027986	0.776111944027986
TNBC94 extension	10	cd8_cytotoxic	696	174	0.005139301812416383	-0.001414178550445469	0.006553480362861852	0.4357821089455272	0.4357821089455272
TNBC94 extension	10	tcell_exhaustion	696	174	0.005822939374688016	-0.0030385993903478403	0.008861538765035856	0.1024487756121939	0.1365983674829252
TNBC94 extension	10	tcell_ifng_response	696	174	0.04713771123624111	-0.002418605111351488	0.0495563163475926	0.0004997501249375312	0.001999000499750125
TNBC94 extension	10	tcell_progenitor	696	174	0.03293354689916872	0.001401938235497724	0.031531608663670996	0.025487256371814093	0.050974512743628186
TNBC94 extension	11	cd8_cytotoxic	1567	392	0.0012749869780656498	-0.0005296995798829028	0.0018046865579485526	0.15542228885557222	0.31084457771114443
TNBC94 extension	11	tcell_exhaustion	1567	392	0.0001429720541023076	5.58901549380271e-06	0.00013738303860850488	0.9265367316341829	0.9265367316341829
TNBC94 extension	11	tcell_ifng_response	1567	392	0.015349557755038074	-0.0024191792092125575	0.01776873696425063	0.001999000499750125	0.0079960019990005
TNBC94 extension	11	tcell_progenitor	1567	392	0.0009031391480060613	-0.0003063985462212291	0.0012095376942272903	0.24387806096951525	0.3251707479593537
TNBC94 extension	12	cd8_cytotoxic	889	223	0.009999609149389486	0.0001704881764291455	0.009829120972960341	0.0009995002498750624	0.001999000499750125
TNBC94 extension	12	tcell_exhaustion	889	223	0.0059116264331440065	-0.00023213398986524775	0.006143760423009254	0.01199400299850075	0.01199400299850075
TNBC94 extension	12	tcell_ifng_response	889	223	0.02079791053292218	-0.00042508066197705086	0.021222991194899232	0.0014992503748125937	0.001999000499750125
TNBC94 extension	12	tcell_progenitor	889	223	0.025789485899529757	0.00032428523594436875	0.02546520066358539	0.0004997501249375312	0.001999000499750125
TNBC94 extension	13	cd8_cytotoxic	1165	292	0.0015415711702985863	2.166620039703235e-06	0.001539404550258883	0.4217891054472764	0.5623854739297018
TNBC94 extension	13	tcell_exhaustion	1165	292	0.002413609013035743	0.0001811881195029827	0.0022324208935327605	0.2318840579710145	0.463768115942029
TNBC94 extension	13	tcell_ifng_response	1165	292	0.00608009387434804	4.935058137923304e-05	0.006030743292968807	0.046476761619190406	0.18590704647676162
TNBC94 extension	13	tcell_progenitor	1165	292	0.0001438952683283437	0.000738540247770144	-0.0005946449794418003	0.8030984507746127	0.8030984507746127
TNBC94 extension	14	cd8_cytotoxic	484	121	0.04695282782903043	0.008855191470962476	0.038097636358067954	0.0004997501249375312	0.0009995002498750624
TNBC94 extension	14	tcell_exhaustion	484	121	0.007986098224627924	0.000531359514784932	0.007454738709842992	0.13893053473263367	0.13893053473263367
TNBC94 extension	14	tcell_ifng_response	484	121	0.036130553648299146	0.00045780695094199686	0.03567274669735715	0.0034982508745627187	0.004664334499416958
TNBC94 extension	14	tcell_progenitor	484	121	0.06131291980181275	0.01798699557910466	0.04332592422270809	0.0004997501249375312	0.0009995002498750624
TNBC94 extension	15	cd8_cytotoxic	1327	332	0.11955411514399014	0.04876593064062673	0.07078818450336341	0.0004997501249375312	0.0004997501249375312
TNBC94 extension	15	tcell_exhaustion	1327	332	0.051111219656002405	0.01971182694699289	0.031399392709009516	0.0004997501249375312	0.0004997501249375312
TNBC94 extension	15	tcell_ifng_response	1327	332	0.07651467410574858	0.01866490066913279	0.05784977343661579	0.0004997501249375312	0.0004997501249375312
TNBC94 extension	15	tcell_progenitor	1327	332	0.11519227656176184	0.040351887012571225	0.07484038954919062	0.0004997501249375312	0.0004997501249375312
TNBC94 extension	16	cd8_cytotoxic	1350	338	0.024313762407969966	0.005272296938029837	0.01904146546994013	0.0009995002498750624	0.00399800099950025
TNBC94 extension	16	tcell_exhaustion	1350	338	0.010486716770497076	-9.513171361300032e-05	0.010581848484110076	0.0029985007496251873	0.00399800099950025
TNBC94 extension	16	tcell_ifng_response	1350	338	0.011230207674411491	0.0008286289059300928	0.010401578768481398	0.02498750624687656	0.02498750624687656
TNBC94 extension	16	tcell_progenitor	1350	338	0.021038501844658303	0.0032699410883705385	0.017768560756287764	0.0029985007496251873	0.00399800099950025
TNBC94 extension	19	cd8_cytotoxic	1359	340	0.011062354417892363	0.0017082510851860223	0.00935410333270634	0.01999000499750125	0.0399800099950025
TNBC94 extension	19	tcell_exhaustion	1359	340	0.006460736372000224	0.0013266133084767484	0.0051341230635234755	0.04147926036981509	0.05530568049308679
TNBC94 extension	19	tcell_ifng_response	1359	340	0.01974904579125658	0.005175590702725358	0.014573455088531223	0.019490254872563718	0.0399800099950025
TNBC94 extension	19	tcell_progenitor	1359	340	0.012902955946434647	0.003273102738020714	0.009629853208413933	0.17541229385307347	0.17541229385307347
TNBC94 extension	20	cd8_cytotoxic	1441	361	0.07942116860567588	0.00847861994179297	0.07094254866388292	0.0004997501249375312	0.0004997501249375312
TNBC94 extension	20	tcell_exhaustion	1441	361	0.030001445138527316	0.0037681461720850407	0.026233298966442276	0.0004997501249375312	0.0004997501249375312
TNBC94 extension	20	tcell_ifng_response	1441	361	0.08244394876392469	0.002596048094615	0.07984790066930969	0.0004997501249375312	0.0004997501249375312
TNBC94 extension	20	tcell_progenitor	1441	361	0.04614842549782794	0.009677146564457034	0.036471278933370904	0.0004997501249375312	0.0004997501249375312
TNBC94 extension	21	cd8_cytotoxic	545	137	-0.003604661441428167	-0.0025980966442767754	-0.0010065647971513915	0.743128435782109	0.743128435782109
TNBC94 extension	21	tcell_exhaustion	545	137	0.0015094671944623564	-0.0012106875989970865	0.002720154793459443	0.44177911044477763	0.5890388139263701
TNBC94 extension	21	tcell_ifng_response	545	137	0.008937651990837736	-0.013621806891728816	0.022559458882566552	0.11044477761119441	0.22088955522238882
TNBC94 extension	21	tcell_progenitor	545	137	0.004331226184601848	-0.001963897987188365	0.006295124171790213	0.07246376811594203	0.22088955522238882
TNBC94 extension	22	cd8_cytotoxic	1777	445	0.002728201666103127	0.0023054767379633353	0.0004227249281397918	0.49825087456271866	0.8362485423954689
TNBC94 extension	22	tcell_exhaustion	1777	445	0.005957126015002721	0.004832722419754378	0.0011244035952483432	0.4222888555722139	0.8362485423954689
TNBC94 extension	22	tcell_ifng_response	1777	445	0.001315690089437889	8.613430269542588e-05	0.001229555786742463	0.6271864067966016	0.8362485423954689
TNBC94 extension	22	tcell_progenitor	1777	445	0.006689914398451995	0.006427382853194321	0.00026253154525767396	0.8920539730134932	0.8920539730134932
TNBC94 extension	23	cd8_cytotoxic	1335	334	0.0014976728502424513	-0.0005478092949319502	0.0020454821451744015	0.4567716141929036	0.4567716141929036
TNBC94 extension	23	tcell_exhaustion	1335	334	-0.0027383175711036684	-0.0004406187246526576	-0.0022976988464510108	0.3983008495752124	0.4567716141929036
TNBC94 extension	23	tcell_ifng_response	1335	334	-0.021203981551283002	-0.002396836042091649	-0.018807145509191353	0.035982008995502246	0.14392803598200898
TNBC94 extension	23	tcell_progenitor	1335	334	0.0055156340940038795	0.0008344553991722417	0.004681178694831638	0.30684657671164417	0.4567716141929036
TNBC94 extension	24	cd8_cytotoxic	536	134	0.0008805232096801988	-0.00016084695254416212	0.001041370162224361	0.45577211394302847	0.5812093953023488
TNBC94 extension	24	tcell_exhaustion	536	134	0.005481865941948723	-0.0014170296635039846	0.0068988956054527074	0.037481259370314844	0.14992503748125938
TNBC94 extension	24	tcell_ifng_response	536	134	-0.005530765783230834	-0.0013032456288211008	-0.0042275201544097335	0.5812093953023488	0.5812093953023488
TNBC94 extension	24	tcell_progenitor	536	134	0.007700536011922901	-0.0003652220485604596	0.00806575806048336	0.11794102948525736	0.23588205897051473
TNBC94 extension	25	cd8_cytotoxic	1338	335	0.006182528169550561	0.0026853410121347957	0.003497187157415765	0.15642178910544727	0.2085623854739297
TNBC94 extension	25	tcell_exhaustion	1338	335	0.005392143437726107	0.0019112148926135088	0.0034809285451125986	0.07796101949025487	0.15592203898050974
TNBC94 extension	25	tcell_ifng_response	1338	335	0.006929652207004533	0.013572357144025576	-0.006642704937021043	0.543728135932034	0.543728135932034
TNBC94 extension	25	tcell_progenitor	1338	335	0.008943475872479248	0.0018385823357426577	0.00710489353673659	0.0024987506246876563	0.009995002498750625
TNBC94 extension	26	cd8_cytotoxic	204	51	0.009839288925901492	0.0037070382643728094	0.006132250661528683	0.30634682658670664	0.500416458437448
TNBC94 extension	26	tcell_exhaustion	204	51	0.023843745297890417	0.004767319831518759	0.019076425466371658	0.02848575712143928	0.11394302848575712
TNBC94 extension	26	tcell_ifng_response	204	51	-0.0012293562289655974	0.002311442684666501	-0.0035407989136320983	0.7616191904047976	0.7616191904047976
TNBC94 extension	26	tcell_progenitor	204	51	-0.010871760030960347	-0.004048704006136931	-0.006823056024823415	0.375312343828086	0.500416458437448
TNBC94 extension	27	cd8_cytotoxic	1173	294	-0.003620243193221115	-0.0007955127378076327	-0.0028247304554134822	0.391304347826087	0.7361319340329835
TNBC94 extension	27	tcell_exhaustion	1173	294	0.0007733788732327551	-0.0007195130797883753	0.0014928919530211304	0.7361319340329835	0.7361319340329835
TNBC94 extension	27	tcell_ifng_response	1173	294	0.0053555980684832916	-0.004395163926226353	0.009750761994709645	0.440279860069965	0.7361319340329835
TNBC94 extension	27	tcell_progenitor	1173	294	-0.004023834147989375	-0.0018782550795546082	-0.0021455790684347664	0.6771614192903548	0.7361319340329835
TNBC94 extension	28	cd8_cytotoxic	653	164	-0.04775075820795033	-0.037657369253069645	-0.010093388954880683	0.5007496251874063	0.5007496251874063
TNBC94 extension	28	tcell_exhaustion	653	164	0.009961929294938748	-0.00895646460645852	0.018918393901397268	0.001999000499750125	0.002665333999666833
TNBC94 extension	28	tcell_ifng_response	653	164	0.06390585297085705	-0.014302873209043832	0.07820872617990088	0.0004997501249375312	0.0009995002498750624
TNBC94 extension	28	tcell_progenitor	653	164	-0.13225979760860807	-0.048377481943189915	-0.08388231566541815	0.0004997501249375312	0.0009995002498750624
TNBC94 extension	29	cd8_cytotoxic	895	224	0.005013205419388857	0.0019972370302020655	0.0030159683891867912	0.45177411294352826	0.6023654839247043
TNBC94 extension	29	tcell_exhaustion	895	224	0.00048090640565237597	0.000558919521468703	-7.801311581632706e-05	0.9850074962518741	0.9850074962518741
TNBC94 extension	29	tcell_ifng_response	895	224	-0.008858090887295417	8.944303129199138e-06	-0.008867035190424616	0.19540229885057472	0.4917541229385307
TNBC94 extension	29	tcell_progenitor	895	224	0.008315386085494383	0.0016570412197087006	0.006658344865785683	0.24587706146926536	0.4917541229385307
TNBC94 extension	30	cd8_cytotoxic	1189	298	0.017205178792756112	0.0031239918650437723	0.01408118692771234	0.0009995002498750624	0.0013326669998334165
TNBC94 extension	30	tcell_exhaustion	1189	298	0.006790467466100243	0.0016240900947933623	0.005166377371306881	0.020989505247376312	0.020989505247376312
TNBC94 extension	30	tcell_ifng_response	1189	298	0.02124099475460975	-0.0004358360641205858	0.021676830818730335	0.0004997501249375312	0.0009995002498750624
TNBC94 extension	30	tcell_progenitor	1189	298	0.03895623328473102	0.010852878261583945	0.028103355023147078	0.0004997501249375312	0.0009995002498750624
TNBC94 extension	31	cd8_cytotoxic	689	173	-0.029292264664978113	0.0018007745889087046	-0.031093039253886817	0.001999000499750125	0.005997001499250375
TNBC94 extension	31	tcell_exhaustion	689	173	-0.011370394424315394	0.0005636312481930028	-0.011934025672508397	0.04047976011994003	0.05397301349325337
TNBC94 extension	31	tcell_ifng_response	689	173	-0.013262832270051872	-0.0015377611376633515	-0.01172507113238852	0.3243378310844578	0.3243378310844578
TNBC94 extension	31	tcell_progenitor	689	173	-0.038587343234395666	0.003937700427072061	-0.042525043661467726	0.0029985007496251873	0.005997001499250375
TNBC94 extension	32	cd8_cytotoxic	726	182	0.017731731161208304	0.0043461350373597	0.013385596123848605	0.0074962518740629685	0.029985007496251874
TNBC94 extension	32	tcell_exhaustion	726	182	0.0069692922762678855	0.0007324902555664523	0.006236802020701433	0.09195402298850575	0.1839080459770115
TNBC94 extension	32	tcell_ifng_response	726	182	-0.00697891653028615	-0.00905890724366809	0.0020799907133819406	0.8825587206396801	0.8825587206396801
TNBC94 extension	32	tcell_progenitor	726	182	0.02319285687880776	0.013109462386975884	0.010083394491831876	0.31784107946026985	0.4237881059470265
TNBC94 extension	33	cd8_cytotoxic	1119	280	0.008906711894524487	0.0005813268060739056	0.008325385088450581	0.014492753623188406	0.028985507246376812
TNBC94 extension	33	tcell_exhaustion	1119	280	0.006849805009757889	0.0011164568002169743	0.005733348209540915	0.02798600699650175	0.03731467599533567
TNBC94 extension	33	tcell_ifng_response	1119	280	0.012925914736583638	0.0011162865456218196	0.011809628190961818	0.0029985007496251873	0.01199400299850075
TNBC94 extension	33	tcell_progenitor	1119	280	0.004852168583480004	0.00256008888987775	0.0022920796936022544	0.6946526736631684	0.6946526736631684
TNBC94 extension	34	cd8_cytotoxic	444	111	0.015108203285613395	0.0062504588575878935	0.008857744428025501	0.10994502748625687	0.14659336998167583
TNBC94 extension	34	tcell_exhaustion	444	111	0.017748205924689238	0.003996042927790867	0.013752162996898371	0.010994502748625687	0.04397801099450275
TNBC94 extension	34	tcell_ifng_response	444	111	0.030855244736522305	0.00882753444071592	0.022027710295806385	0.03498250874562719	0.06996501749125437
TNBC94 extension	34	tcell_progenitor	444	111	0.01133556423350604	0.002840337909118841	0.0084952263243872	0.2353823088455772	0.2353823088455772
TNBC94 extension	35	cd8_cytotoxic	869	218	0.07062989600045454	0.024209180301024917	0.04642071569942962	0.0004997501249375312	0.0004997501249375312
TNBC94 extension	35	tcell_exhaustion	869	218	0.02280585927329193	0.007090372235915743	0.015715487037376186	0.0004997501249375312	0.0004997501249375312
TNBC94 extension	35	tcell_ifng_response	869	218	0.04450580335567331	0.0096001799945611	0.034905623361112206	0.0004997501249375312	0.0004997501249375312
TNBC94 extension	35	tcell_progenitor	869	218	0.06588217160382	0.025289859168596225	0.04059231243522377	0.0004997501249375312	0.0004997501249375312
TNBC94 extension	36	cd8_cytotoxic	1062	266	0.006032737586761887	0.002671037276059357	0.00336170031070253	0.012993503248375811	0.021322671997334664
TNBC94 extension	36	tcell_exhaustion	1062	266	0.01694022666367502	0.0063741471034661126	0.010566079560208908	0.0004997501249375312	0.001999000499750125
TNBC94 extension	36	tcell_ifng_response	1062	266	0.011264466833487433	0.0027132097852965997	0.008551257048190833	0.015992003998001	0.021322671997334664
TNBC94 extension	36	tcell_progenitor	1062	266	0.00817044023721188	0.004279051091572944	0.0038913891456389352	0.16391804097951024	0.16391804097951024
TNBC94 extension	37	cd8_cytotoxic	1511	378	0.014159529712574684	0.00037137864217758054	0.013788151070397103	0.0004997501249375312	0.0006663334999167083
TNBC94 extension	37	tcell_exhaustion	1511	378	0.009772527715773818	-2.1889998836149838e-05	0.009794417714609968	0.0004997501249375312	0.0006663334999167083
TNBC94 extension	37	tcell_ifng_response	1511	378	0.023927792810398363	0.0007026141659850493	0.023225178644413313	0.0009995002498750624	0.0009995002498750624
TNBC94 extension	37	tcell_progenitor	1511	378	0.013113593293625825	0.0005901790263841689	0.012523414267241656	0.0004997501249375312	0.0006663334999167083
TNBC94 extension	38	cd8_cytotoxic	1515	379	0.01880058606764845	0.0017115727660185764	0.017089013301629874	0.01899050474762619	0.03798100949525238
TNBC94 extension	38	tcell_exhaustion	1515	379	-0.0014290626253960215	-0.00019875485012355032	-0.0012303077752724711	0.7606196901549226	0.7606196901549226
TNBC94 extension	38	tcell_ifng_response	1515	379	0.0066646529692738765	0.0031403900556510878	0.0035242629136227888	0.6361819090454772	0.7606196901549226
TNBC94 extension	38	tcell_progenitor	1515	379	0.02848789204027713	0.0032858391353286776	0.025202052904948452	0.0004997501249375312	0.001999000499750125
TNBC94 extension	39	cd8_cytotoxic	961	241	-0.012906057620576561	0.00022197488945051302	-0.013128032510027074	0.044977511244377814	0.14392803598200898
TNBC94 extension	39	tcell_exhaustion	961	241	-0.003856921855476231	0.0005691574363737781	-0.004426079291850009	0.26036981509245377	0.34715975345660505
TNBC94 extension	39	tcell_ifng_response	961	241	-0.01659416887556986	-0.0007403865857544822	-0.015853782289815377	0.07196401799100449	0.14392803598200898
TNBC94 extension	39	tcell_progenitor	961	241	0.010809195705842128	0.006271169060147748	0.0045380266456943805	0.4852573713143428	0.4852573713143428
TNBC94 extension	40	cd8_cytotoxic	1247	312	-0.008381690057235047	-0.004607630772749633	-0.003774059284485414	0.08245877061469266	0.16491754122938532
TNBC94 extension	40	tcell_exhaustion	1247	312	-0.0011528008490597763	-0.002723804567239703	0.0015710037181799266	0.5632183908045977	0.6666666666666666
TNBC94 extension	40	tcell_ifng_response	1247	312	-0.014555367530842411	-0.005350978629973108	-0.009204388900869304	0.059470264867566215	0.16491754122938532
TNBC94 extension	40	tcell_progenitor	1247	312	-0.0020231167287965528	-0.0010208884899092201	-0.0010022282388873326	0.6666666666666666	0.6666666666666666
TNBC94 extension	41	cd8_cytotoxic	892	223	0.01233982479785134	-0.00017786557195612063	0.01251769036980746	0.0879560219890055	0.1619190404797601
TNBC94 extension	41	tcell_exhaustion	892	223	-0.01625317088967554	-0.007135483490143341	-0.009117687399532198	0.12143928035982009	0.1619190404797601
TNBC94 extension	41	tcell_ifng_response	892	223	-0.022607485618509227	-0.023974564809347343	0.0013670791908381164	0.8585707146426786	0.8585707146426786
TNBC94 extension	41	tcell_progenitor	892	223	0.020992006983826472	-0.0012209836045647682	0.02221299058839124	0.0029985007496251873	0.01199400299850075
TNBC94 extension	42	cd8_cytotoxic	784	196	0.022762416790180845	0.0018017921315854335	0.02096062465859541	0.010494752623688156	0.020989505247376312
TNBC94 extension	42	tcell_exhaustion	784	196	0.015474979256272281	0.0015657425290797403	0.01390923672719254	0.0014992503748125937	0.005997001499250375
TNBC94 extension	42	tcell_ifng_response	784	196	0.00638078983071122	0.0027348733997710206	0.0036459164309401992	0.6876561719140429	0.6876561719140429
TNBC94 extension	42	tcell_progenitor	784	196	0.011116416096338538	0.0009152598660129019	0.010201156230325636	0.44427786106946526	0.5923704814259537
TNBC94 extension	43	cd8_cytotoxic	1456	364	0.041093205381731945	0.007604876309182551	0.033488329072549394	0.0004997501249375312	0.0006663334999167083
TNBC94 extension	43	tcell_exhaustion	1456	364	0.019387804316970042	0.004132318475211567	0.015255485841758475	0.0024987506246876563	0.0024987506246876563
TNBC94 extension	43	tcell_ifng_response	1456	364	0.03901107872334236	0.006713235700280207	0.032297843023062156	0.0004997501249375312	0.0006663334999167083
TNBC94 extension	43	tcell_progenitor	1456	364	0.041973312996123946	0.011890793961709833	0.030082519034414112	0.0004997501249375312	0.0006663334999167083
TNBC94 extension	44	cd8_cytotoxic	824	206	0.003009233008942104	0.0026718804090706053	0.0003373525998714988	0.9235382308845578	0.9235382308845578
TNBC94 extension	44	tcell_exhaustion	824	206	0.004652371155721445	0.0014571273142620078	0.0031952438414594372	0.2608695652173913	0.9235382308845578
TNBC94 extension	44	tcell_ifng_response	824	206	0.00755827558746229	0.0036490279864400954	0.003909247601022195	0.623688155922039	0.9235382308845578
TNBC94 extension	44	tcell_progenitor	824	206	0.005329878384843695	0.003933705073796229	0.0013961733110474661	0.7866066966516742	0.9235382308845578
TNBC94 extension	45	cd8_cytotoxic	1581	396	0.037162349444412435	0.004151050900723152	0.03301129854368928	0.0004997501249375312	0.0006663334999167083
TNBC94 extension	45	tcell_exhaustion	1581	396	0.02801057569189158	0.0024784017543358905	0.02553217393755569	0.0004997501249375312	0.0006663334999167083
TNBC94 extension	45	tcell_ifng_response	1581	396	0.13786120309899985	0.010329138491992795	0.12753206460700706	0.0004997501249375312	0.0006663334999167083
TNBC94 extension	45	tcell_progenitor	1581	396	0.011224106862056993	0.004803044473928819	0.006421062388128174	0.5107446276861569	0.5107446276861569
TNBC94 extension	46	cd8_cytotoxic	766	192	0.0012169184415350247	0.0020692601715907233	-0.0008523417300556986	0.7626186906546727	0.9555222388805598
TNBC94 extension	46	tcell_exhaustion	766	192	0.005117068721505226	0.00125825529600394	0.003858813425501286	0.31084457771114443	0.9555222388805598
TNBC94 extension	46	tcell_ifng_response	766	192	0.0024753239332394733	0.0028189305500589262	-0.0003436066168194529	0.9555222388805598	0.9555222388805598
TNBC94 extension	46	tcell_progenitor	766	192	0.0012854911516920614	0.005544632995769041	-0.0042591418440769795	0.5482258870564718	0.9555222388805598
TNBC94 extension	47	cd8_cytotoxic	1113	279	0.0028373953139215827	0.0004429494387427971	0.0023944458751787856	0.4587706146926537	0.6483424954189572
TNBC94 extension	47	tcell_exhaustion	1113	279	0.008331381986775743	0.0008935994819114293	0.007437782504864314	0.01999000499750125	0.079960019990005
TNBC94 extension	47	tcell_ifng_response	1113	279	0.002123639514072323	-0.00011166573401787117	0.002235305248090194	0.6831584207896052	0.6831584207896052
TNBC94 extension	47	tcell_progenitor	1113	279	0.004220573686076555	0.001226991131939796	0.002993582554136759	0.4862568715642179	0.6483424954189572
TNBC94 extension	48	cd8_cytotoxic	656	164	0.011044933293585309	0.0036309327674369438	0.007414000526148365	0.01699150424787606	0.01699150424787606
TNBC94 extension	48	tcell_exhaustion	656	164	0.014925501031256623	0.0005750520136873563	0.014350449017569267	0.0004997501249375312	0.0009995002498750624
TNBC94 extension	48	tcell_ifng_response	656	164	0.04367141794037724	0.006861704010599302	0.036809713929777936	0.0004997501249375312	0.0009995002498750624
TNBC94 extension	48	tcell_progenitor	656	164	0.023189350956993336	0.007594106523967525	0.01559524443302581	0.004997501249375313	0.006663334999167083
TNBC94 extension	49	cd8_cytotoxic	357	90	-0.003533577818299584	-0.002077520539179624	-0.00145605727911996	0.6121939030484758	0.9208728968848909
TNBC94 extension	49	tcell_exhaustion	357	90	-0.004916629634727179	-0.0028611197102671113	-0.002055509924460068	0.6906546726636682	0.9208728968848909
TNBC94 extension	49	tcell_ifng_response	357	90	0.007233497776282322	-0.006442220627691876	0.013675718403974198	0.044977511244377814	0.17991004497751126
TNBC94 extension	49	tcell_progenitor	357	90	2.1338653359639914e-06	0.00022333320490375633	-0.00022119933956779234	0.9685157421289355	0.9685157421289355
TNBC94 extension	50	cd8_cytotoxic	812	203	0.07360209579664878	0.022915233025186374	0.05068686277146241	0.0004997501249375312	0.0006663334999167083
TNBC94 extension	50	tcell_exhaustion	812	203	0.03187471999595477	0.01230679810645155	0.019567921889503223	0.0009995002498750624	0.0009995002498750624
TNBC94 extension	50	tcell_ifng_response	812	203	0.06699372272358828	-0.005442321547840162	0.07243604427142844	0.0004997501249375312	0.0006663334999167083
TNBC94 extension	50	tcell_progenitor	812	203	0.08474603204655998	0.019070498353142458	0.06567553369341753	0.0004997501249375312	0.0006663334999167083
TNBC94 extension	51	cd8_cytotoxic	1550	388	0.01595670802362084	-0.00011320787393069576	0.016069915897551537	0.0004997501249375312	0.001999000499750125
TNBC94 extension	51	tcell_exhaustion	1550	388	0.0026350498855609167	-0.001716649702123138	0.004351699587684055	0.11894052973513243	0.11894052973513243
TNBC94 extension	51	tcell_ifng_response	1550	388	0.012646281331429754	-0.0017810404398714702	0.014427321771301224	0.0014992503748125937	0.0029985007496251873
TNBC94 extension	51	tcell_progenitor	1550	388	0.009067709212482664	0.0005927549555798349	0.008474954256902829	0.0034982508745627187	0.004664334499416958
TNBC94 extension	52	cd8_cytotoxic	943	236	-0.0015478811675238846	-0.0030045829861599926	0.001456701818636108	0.7971014492753623	0.7971014492753623
TNBC94 extension	52	tcell_exhaustion	943	236	0.002511219548649024	-0.00039394172285606155	0.0029051612715050856	0.5402298850574713	0.7203065134099617
TNBC94 extension	52	tcell_ifng_response	943	236	0.02978260194507043	-0.010794829765373881	0.04057743171044431	0.0004997501249375312	0.001999000499750125
TNBC94 extension	52	tcell_progenitor	943	236	0.003092861672172653	-0.0007498618984470434	0.0038427235706196966	0.49025487256371814	0.7203065134099617
TNBC94 extension	53	cd8_cytotoxic	472	118	-0.02139213988824548	-0.005606024497136819	-0.015786115391108663	0.2028985507246377	0.5697151424287856
TNBC94 extension	53	tcell_exhaustion	472	118	0.0028113075784840028	-0.000489763792384329	0.0033010713708683317	0.48825587206396803	0.5697151424287856
TNBC94 extension	53	tcell_ifng_response	472	118	0.008083957520371415	-0.0022178864734374443	0.01030184399380886	0.384807596201899	0.5697151424287856
TNBC94 extension	53	tcell_progenitor	472	118	-0.015503277303346524	-0.005894275610213287	-0.009609001693133237	0.5697151424287856	0.5697151424287856
TNBC94 extension	54	cd8_cytotoxic	1330	333	0.01650050931228756	0.002706001652462438	0.013794507659825123	0.0004997501249375312	0.0006663334999167083
TNBC94 extension	54	tcell_exhaustion	1330	333	0.005212221782505716	-0.0003721478738053924	0.005584369656311108	0.0034982508745627187	0.0034982508745627187
TNBC94 extension	54	tcell_ifng_response	1330	333	0.026854949583480878	0.0036088684976056246	0.023246081085875253	0.0004997501249375312	0.0006663334999167083
TNBC94 extension	54	tcell_progenitor	1330	333	0.027212214051609035	0.004884142632255537	0.022328071419353498	0.0004997501249375312	0.0006663334999167083
TNBC94 extension	55	cd8_cytotoxic	405	102	-0.008761658185101003	-0.0006144487618352061	-0.008147209423265796	0.03648175912043978	0.07296351824087956
TNBC94 extension	55	tcell_exhaustion	405	102	-0.005304429496883714	-3.7228927026039527e-06	-0.00530070660418111	0.26636681659170414	0.3551557554556055
TNBC94 extension	55	tcell_ifng_response	405	102	-0.04411539084158558	0.003540758705436728	-0.04765614954702231	0.0014992503748125937	0.005997001499250375
TNBC94 extension	55	tcell_progenitor	405	102	-6.63106193680707e-05	-0.00741863677264093	0.007352326153272859	0.5317341329335332	0.5317341329335332
TNBC94 extension	56	cd8_cytotoxic	893	224	0.012747291415243028	0.011533327610749045	0.0012139638044939838	0.8670664667666167	0.9850074962518741
TNBC94 extension	56	tcell_exhaustion	893	224	0.008128158783401979	0.008031133968610396	9.702481479158254e-05	0.9850074962518741	0.9850074962518741
TNBC94 extension	56	tcell_ifng_response	893	224	0.025998757382647064	0.010946933299425143	0.01505182408322192	0.1054472763618191	0.4217891054472764
TNBC94 extension	56	tcell_progenitor	893	224	0.013386827637582088	0.017330196689909566	-0.003943369052327478	0.7226386806596702	0.9850074962518741
TNBC94 extension	57	cd8_cytotoxic	1121	281	0.02553138263148491	0.011318045387479755	0.014213337244005156	0.030484757621189407	0.04064634349491921
TNBC94 extension	57	tcell_exhaustion	1121	281	0.007216498360073306	0.0024184956533429385	0.004798002706730368	0.10944527736131934	0.10944527736131934
TNBC94 extension	57	tcell_ifng_response	1121	281	0.018256695074709395	0.006053234197174323	0.012203460877535072	0.009995002498750625	0.01999000499750125
TNBC94 extension	57	tcell_progenitor	1121	281	0.03817028457997085	0.013269524821952379	0.02490075975801847	0.0014992503748125937	0.005997001499250375
TNBC94 extension	58	cd8_cytotoxic	857	215	0.01875041913785494	0.002883954762131956	0.015866464375722984	0.02348825587206397	0.09395302348825588
TNBC94 extension	58	tcell_exhaustion	857	215	0.007267151813947423	0.0017076504181182672	0.005559501395829156	0.19790104947526238	0.2638680659670165
TNBC94 extension	58	tcell_ifng_response	857	215	0.0061476321784700305	0.0021357055033943417	0.004011926675075689	0.6841579210394803	0.6841579210394803
TNBC94 extension	58	tcell_progenitor	857	215	0.013797494785806302	0.003206392503081683	0.01059110228272462	0.047476261869065464	0.09495252373813093
TNBC94 extension	59	cd8_cytotoxic	721	181	0.0007368145163780052	0.00020884266219293145	0.0005279718541850737	0.7386306846576711	0.9050474762618691
TNBC94 extension	59	tcell_exhaustion	721	181	-0.001657945021388444	-0.0002818026887046951	-0.001376142332683749	0.4287856071964018	0.8575712143928036
TNBC94 extension	59	tcell_ifng_response	721	181	-0.000701684041088807	-0.0011892259388557383	0.0004875418977669313	0.9050474762618691	0.9050474762618691
TNBC94 extension	59	tcell_progenitor	721	181	-0.004889558781821651	-0.0007989133116045391	-0.004090645470217112	0.06696651674162919	0.26786606696651677
TNBC94 extension	60	cd8_cytotoxic	803	201	0.006527248595526711	0.0005742595804410257	0.005952989015085685	0.1199400299850075	0.239880059970015
TNBC94 extension	60	tcell_exhaustion	803	201	0.007993293108133168	5.528744914558292e-06	0.00798776436321861	0.04397801099450275	0.175912043978011
TNBC94 extension	60	tcell_ifng_response	803	201	0.006277167166472308	0.003836911023417794	0.0024402561430545144	0.7726136931534233	0.7726136931534233
TNBC94 extension	60	tcell_progenitor	803	201	0.0022117295531370457	0.00040078547036166007	0.0018109440827753856	0.5762118940529735	0.7682825254039646
TNBC94 extension	61	cd8_cytotoxic	729	183	0.00010239482693463753	0.005676839357884912	-0.005574444530950275	0.4962518740629685	0.6501749125437282
TNBC94 extension	61	tcell_exhaustion	729	183	-0.0010078817905333354	0.0011914294950118726	-0.002199311285545208	0.6501749125437282	0.6501749125437282
TNBC94 extension	61	tcell_ifng_response	729	183	0.013727515761261078	-0.029324634288759754	0.04305215005002083	0.005497251374312844	0.021989005497251374
TNBC94 extension	61	tcell_progenitor	729	183	0.0012039997142058445	0.005736926837653901	-0.004532927123448056	0.5857071464267866	0.6501749125437282
TNBC94 extension	62	cd8_cytotoxic	1407	352	-0.010455980746766763	-0.0008019135970657454	-0.009654067149701018	0.14292853573213393	0.25787106446776614
TNBC94 extension	62	tcell_exhaustion	1407	352	0.014974641553684304	5.032665223719812e-05	0.014924314901447105	0.0004997501249375312	0.001999000499750125
TNBC94 extension	62	tcell_ifng_response	1407	352	0.0043777686079014555	-0.0009728645877064568	0.005350633195607912	0.3968015992003998	0.3968015992003998
TNBC94 extension	62	tcell_progenitor	1407	352	-0.005379318919680104	0.003370307169595077	-0.008749626089275181	0.1934032983508246	0.25787106446776614
TNBC94 extension	63	cd8_cytotoxic	676	169	0.009832972024906517	0.0022403692268411594	0.007592602798065357	0.12443778110944528	0.16591704147926037
TNBC94 extension	63	tcell_exhaustion	676	169	0.00605757940989949	0.001217653111267463	0.004839926298632027	0.1729135432283858	0.1729135432283858
TNBC94 extension	63	tcell_ifng_response	676	169	0.03499434137467952	0.004909616771752168	0.030084724602927354	0.0034982508745627187	0.013993003498250875
TNBC94 extension	63	tcell_progenitor	676	169	0.023796165971402106	0.005124207494715503	0.018671958476686602	0.014492753623188406	0.028985507246376812
TNBC94 extension	64	cd8_cytotoxic	1383	346	0.011936504271737786	0.001084883388804768	0.010851620882933018	0.005497251374312844	0.021989005497251374
TNBC94 extension	64	tcell_exhaustion	1383	346	0.00375383132285588	0.00016871932985854446	0.0035851119929973356	0.20689655172413793	0.20689655172413793
TNBC94 extension	64	tcell_ifng_response	1383	346	-0.014658490282202286	-0.001016783645713365	-0.01364170663648892	0.04847576211894053	0.09695152423788106
TNBC94 extension	64	tcell_progenitor	1383	346	0.006987426776425415	0.0012684125290035458	0.005719014247421869	0.13543228385807096	0.18057637847742794
TNBC94 extension	65	cd8_cytotoxic	951	238	-0.006475538846476558	-0.0021477340335819273	-0.004327804812894631	0.6906546726636682	0.7741129435282359
TNBC94 extension	65	tcell_exhaustion	951	238	0.009741605999973701	-0.0008427951951349572	0.010584401195108659	0.03248375812093953	0.06496751624187906
TNBC94 extension	65	tcell_ifng_response	951	238	0.053002142113663386	-0.005650416229503297	0.05865255834316668	0.0004997501249375312	0.001999000499750125
TNBC94 extension	65	tcell_progenitor	951	238	-0.005604640698582103	-0.0032270538527541665	-0.0023775868458279364	0.7741129435282359	0.7741129435282359
TNBC94 extension	66	cd8_cytotoxic	1616	404	0.04022036733075707	0.005754908385853408	0.03446545894490366	0.0004997501249375312	0.0009995002498750624
TNBC94 extension	66	tcell_exhaustion	1616	404	0.012812133788147585	0.0015833305768805442	0.011228803211267041	0.0009995002498750624	0.0013326669998334165
TNBC94 extension	66	tcell_ifng_response	1616	404	0.054718768924885364	0.009448772370717812	0.04526999655416755	0.0004997501249375312	0.0009995002498750624
TNBC94 extension	66	tcell_progenitor	1616	404	0.01629489556810139	0.0030889109666642073	0.013205984601437182	0.001999000499750125	0.001999000499750125
TNBC94 extension	67	cd8_cytotoxic	1221	306	-0.007831387228140751	-0.0032330443529362853	-0.004598342875204466	0.09695152423788106	0.19390304847576212
TNBC94 extension	67	tcell_exhaustion	1221	306	0.006841154773465509	-0.0006972860271225872	0.007538440800588096	0.0024987506246876563	0.009995002498750625
TNBC94 extension	67	tcell_ifng_response	1221	306	0.0008367775119121901	-0.0021949325483768337	0.0030317100602890237	0.4492753623188406	0.5822088955522239
TNBC94 extension	67	tcell_progenitor	1221	306	-0.0013436097609467318	-0.0036272594782830805	0.0022836497173363488	0.5822088955522239	0.5822088955522239
TNBC94 extension	68	cd8_cytotoxic	630	158	0.003432249387323231	0.0002838254722025788	0.003148423915120652	0.1409295352323838	0.18790604697651173
TNBC94 extension	68	tcell_exhaustion	630	158	-0.00204436969836147	0.0006185803193383185	-0.0026629500176997885	0.33033483258370816	0.33033483258370816
TNBC94 extension	68	tcell_ifng_response	630	158	-0.014331364524550444	0.001005826902802938	-0.015337191427353382	0.046476761619190406	0.18590704647676162
TNBC94 extension	68	tcell_progenitor	630	158	-0.0022325233235808515	0.0007315445461666846	-0.002964067869747536	0.0944527736131934	0.18790604697651173
TNBC94 extension	69	cd8_cytotoxic	1496	374	0.01039925498058128	0.0012821105009074713	0.009117144479673808	0.0734632683658171	0.239880059970015
TNBC94 extension	69	tcell_exhaustion	1496	374	0.005277721237665234	0.0013277536487999037	0.00394996758886533	0.3193403298350825	0.3588205897051474
TNBC94 extension	69	tcell_ifng_response	1496	374	0.008863259230668663	0.0014221974178572072	0.007441061812811456	0.1199400299850075	0.239880059970015
TNBC94 extension	69	tcell_progenitor	1496	374	0.007915452563780706	0.002448256842497984	0.005467195721282722	0.3588205897051474	0.3588205897051474
TNBC94 extension	70	cd8_cytotoxic	966	242	0.0151058012792743	0.008316508571004133	0.006789292708270167	0.42028985507246375	0.42028985507246375
TNBC94 extension	70	tcell_exhaustion	966	242	0.01657246901728668	0.005404419982164108	0.01116804903512257	0.014992503748125937	0.05997001499250375
TNBC94 extension	70	tcell_ifng_response	966	242	0.03288088893277563	0.011911005732923474	0.020969883199852157	0.04597701149425287	0.09195402298850575
TNBC94 extension	70	tcell_progenitor	966	242	0.01664730152806504	0.002746965236832294	0.013900336291232746	0.22938530734632684	0.3058470764617691
TNBC94 extension	71	cd8_cytotoxic	1259	315	0.05549664967279061	0.029836512337199125	0.025660137335591485	0.0004997501249375312	0.0004997501249375312
TNBC94 extension	71	tcell_exhaustion	1259	315	0.017541864768898255	0.007185390310999341	0.010356474457898914	0.0004997501249375312	0.0004997501249375312
TNBC94 extension	71	tcell_ifng_response	1259	315	0.04623639403047093	0.022668641278098735	0.023567752752372197	0.0004997501249375312	0.0004997501249375312
TNBC94 extension	71	tcell_progenitor	1259	315	0.057698445039580756	0.03644949303688789	0.02124895200269287	0.0004997501249375312	0.0004997501249375312
TNBC94 extension	72	cd8_cytotoxic	1574	394	0.11896123523930688	0.07211327106969974	0.04684796416960714	0.0004997501249375312	0.0004997501249375312
TNBC94 extension	72	tcell_exhaustion	1574	394	0.0322435542461636	0.015658043174395397	0.0165855110717682	0.0004997501249375312	0.0004997501249375312
TNBC94 extension	72	tcell_ifng_response	1574	394	0.06620214123377033	0.02460323573016482	0.04159890550360551	0.0004997501249375312	0.0004997501249375312
TNBC94 extension	72	tcell_progenitor	1574	394	0.08807009437187419	0.04963114854654864	0.038438945825325546	0.0004997501249375312	0.0004997501249375312
TNBC94 extension	73	cd8_cytotoxic	1236	309	0.02947280793776788	0.006084128879384074	0.023388679058383807	0.0004997501249375312	0.001999000499750125
TNBC94 extension	73	tcell_exhaustion	1236	309	0.009143620449893877	0.000997156260097526	0.008146464189796351	0.008995502248875561	0.01199400299850075
TNBC94 extension	73	tcell_ifng_response	1236	309	0.011940645847322351	0.0006685903251029413	0.01127205552221941	0.1489255372313843	0.1489255372313843
TNBC94 extension	73	tcell_progenitor	1236	309	0.030318272148460862	0.0065248083306699844	0.023793463817790877	0.001999000499750125	0.00399800099950025
TNBC94 extension	74	cd8_cytotoxic	1098	275	-0.007734227663946047	-0.015656640856252957	0.00792241319230691	0.06196901549225387	0.18490754622688654
TNBC94 extension	74	tcell_exhaustion	1098	275	-0.00879624355224759	-0.013657962261367042	0.004861718709119452	0.15292353823088456	0.20389805097451275
TNBC94 extension	74	tcell_ifng_response	1098	275	-0.05407146111218292	-0.03925135670420918	-0.014820104407973739	0.09245377311344327	0.18490754622688654
TNBC94 extension	74	tcell_progenitor	1098	275	-0.004726841010958105	-0.008667935490180426	0.003941094479222321	0.35732133933033483	0.35732133933033483
TNBC94 extension	75	cd8_cytotoxic	720	180	-0.008912823095633862	-0.0008491548056737061	-0.008063668289960156	0.3493253373313343	0.44377811094452774
TNBC94 extension	75	tcell_exhaustion	720	180	-0.010094927384392431	3.262961798573827e-05	-0.01012755700237817	0.01649175412293853	0.06596701649175413
TNBC94 extension	75	tcell_ifng_response	720	180	-0.012723811708611865	0.0008112639532166233	-0.013535075661828488	0.28085957021489255	0.44377811094452774
TNBC94 extension	75	tcell_progenitor	720	180	-0.011620434977152705	-0.0032489366970555877	-0.008371498280097117	0.44377811094452774	0.44377811094452774
TNBC94 extension	76	cd8_cytotoxic	1130	283	-0.0036415643792083174	-0.0015495460565684571	-0.0020920183226398603	0.6366816591704147	0.7301349325337332
TNBC94 extension	76	tcell_exhaustion	1130	283	-0.0011855747856002463	-0.00010353140995965349	-0.0010820433756405928	0.7301349325337332	0.7301349325337332
TNBC94 extension	76	tcell_ifng_response	1130	283	-0.029762424975165902	-0.002482536390516543	-0.02727988858464936	0.0004997501249375312	0.0009995002498750624
TNBC94 extension	76	tcell_progenitor	1130	283	-0.016011069447271348	-0.0017406243166117469	-0.0142704451306596	0.0004997501249375312	0.0009995002498750624
TNBC94 extension	77	cd8_cytotoxic	1034	259	-0.0069169007073661415	0.0018322547380567322	-0.008749155445422874	0.18340829585207397	0.18340829585207397
TNBC94 extension	77	tcell_exhaustion	1034	259	0.0044284069834030215	-0.0014611050581343071	0.005889512041537329	0.08095952023988005	0.10794602698650674
TNBC94 extension	77	tcell_ifng_response	1034	259	0.011097807200310228	-0.030336016539452115	0.04143382373976234	0.0004997501249375312	0.001999000499750125
TNBC94 extension	77	tcell_progenitor	1034	259	-0.00978467305925984	0.0039003152703432215	-0.013684988329603062	0.05247376311844078	0.10494752623688156
TNBC94 extension	78	cd8_cytotoxic	670	168	0.04063811262158687	0.017451144201711503	0.023186968419875366	0.0024987506246876563	0.0024987506246876563
TNBC94 extension	78	tcell_exhaustion	670	168	0.023118391873240093	0.008731846124500186	0.014386545748739907	0.0024987506246876563	0.0024987506246876563
TNBC94 extension	78	tcell_ifng_response	670	168	0.09027928693500026	0.03531907333918059	0.054960213595819665	0.0014992503748125937	0.0024987506246876563
TNBC94 extension	78	tcell_progenitor	670	168	0.057133687225473406	0.021906853540075398	0.03522683368539801	0.0009995002498750624	0.0024987506246876563
TNBC94 extension	79	cd8_cytotoxic	643	161	0.004742545065505388	-0.00027864464485578486	0.005021189710361173	0.0014992503748125937	0.005997001499250375
TNBC94 extension	79	tcell_exhaustion	643	161	0.0008754705723683157	-0.0006967027459273169	0.0015721733182956325	0.3353323338330835	0.3353323338330835
TNBC94 extension	79	tcell_ifng_response	643	161	0.009395626622316244	-0.0026586205082586717	0.012054247130574916	0.019490254872563718	0.038980509745127435
TNBC94 extension	79	tcell_progenitor	643	161	-0.003308470344667566	1.2895613130173983e-05	-0.00332136595779774	0.23938030984507747	0.31917374646010327
TNBC94 extension	80	cd8_cytotoxic	811	203	0.01012194470678883	0.004189389455000449	0.005932555251788381	0.2623688155922039	0.559720139930035
TNBC94 extension	80	tcell_exhaustion	811	203	-0.001845579038897635	7.778134574873766e-05	-0.0019233603846463727	0.5047476261869065	0.6729968349158754
TNBC94 extension	80	tcell_ifng_response	811	203	0.007623723759605322	0.0019715289893226517	0.00565219477028267	0.2798600699650175	0.559720139930035
TNBC94 extension	80	tcell_progenitor	811	203	0.00213027561121637	0.0036776177023015166	-0.0015473420910851465	0.8680659670164917	0.8680659670164917
TNBC94 extension	81	cd8_cytotoxic	1689	423	0.0015576256893234282	-0.00034582636260554675	0.001903452051928975	0.111944027986007	0.21989005497251377
TNBC94 extension	81	tcell_exhaustion	1689	423	0.0008884850682582129	-0.001235063016889127	0.00212354808514734	0.16491754122938532	0.21989005497251377
TNBC94 extension	81	tcell_ifng_response	1689	423	-0.0013375836330536267	-0.0023524402913709316	0.001014856658317305	0.7586206896551724	0.7586206896551724
TNBC94 extension	81	tcell_progenitor	1689	423	0.002944718715850024	-0.00020801824744994327	0.0031527369632999673	0.13493253373313344	0.21989005497251377
TNBC94 extension	82	cd8_cytotoxic	1355	339	-6.075621850296087e-05	0.0003426747597106705	-0.0004034309782136314	0.9490254872563718	0.9490254872563718
TNBC94 extension	82	tcell_exhaustion	1355	339	0.0032532898386648246	0.0009069606977676198	0.002346329140897205	0.5527236381809095	0.9490254872563718
TNBC94 extension	82	tcell_ifng_response	1355	339	-0.0050908706218898425	-0.007857377724163617	0.002766507102273774	0.7446276861569215	0.9490254872563718
TNBC94 extension	82	tcell_progenitor	1355	339	0.003559310016851419	0.001817321843992692	0.0017419881728587272	0.729135432283858	0.9490254872563718
TNBC94 extension	83	cd8_cytotoxic	1413	354	0.017966749410984084	0.013037484048143644	0.00492926536284044	0.49725137431284355	0.735632183908046
TNBC94 extension	83	tcell_exhaustion	1413	354	0.00506221379854066	0.005752850891628136	-0.0006906370930874761	0.8580709645177411	0.8580709645177411
TNBC94 extension	83	tcell_ifng_response	1413	354	0.0068659922816597385	0.003482867761846642	0.0033831245198130966	0.5517241379310345	0.735632183908046
TNBC94 extension	83	tcell_progenitor	1413	354	0.006609933798838619	0.0004280778107388361	0.0061818559880997825	0.21239380309845077	0.735632183908046
TNBC94 extension	84	cd8_cytotoxic	1627	407	0.045113931434662	0.01036203504878526	0.03475189638587674	0.0004997501249375312	0.0004997501249375312
TNBC94 extension	84	tcell_exhaustion	1627	407	0.022019061421045885	0.005200588576690528	0.016818472844355357	0.0004997501249375312	0.0004997501249375312
TNBC94 extension	84	tcell_ifng_response	1627	407	0.06086048565914842	0.0029406325693756286	0.057919853089772794	0.0004997501249375312	0.0004997501249375312
TNBC94 extension	84	tcell_progenitor	1627	407	0.021770234016416687	0.007258828885512825	0.014511405130903862	0.0004997501249375312	0.0004997501249375312
TNBC94 extension	85	cd8_cytotoxic	958	240	-0.02832599212981679	-0.0018948598745295725	-0.026431132255287218	0.0029985007496251873	0.0069965017491254375
TNBC94 extension	85	tcell_exhaustion	958	240	-0.0077572847254767235	0.0005656164124428834	-0.008322901137919607	0.05997001499250375	0.079960019990005
TNBC94 extension	85	tcell_ifng_response	958	240	0.011896250845770728	0.0007039918965792147	0.011192258949191514	0.3963018490754623	0.3963018490754623
TNBC94 extension	85	tcell_progenitor	958	240	-0.029044958641459173	-0.005337126120016605	-0.023707832521442568	0.0034982508745627187	0.0069965017491254375
TNBC94 extension	86	cd8_cytotoxic	758	190	-0.0013779876779413808	-0.001808211060274921	0.00043022338233354024	0.9400299850074962	0.9400299850074962
TNBC94 extension	86	tcell_exhaustion	758	190	-0.002891775599803692	-0.0035013552930989386	0.0006095796932952466	0.8740629685157422	0.9400299850074962
TNBC94 extension	86	tcell_ifng_response	758	190	-0.0036945906487589053	-0.004355099473056193	0.0006605088242972873	0.9320339830084957	0.9400299850074962
TNBC94 extension	86	tcell_progenitor	758	190	0.007545750906909565	0.0025618620619083238	0.004983888845001241	0.44177911044477763	0.9400299850074962
TNBC94 extension	87	cd8_cytotoxic	427	107	-0.03906348917479524	-0.026955193286205853	-0.012108295888589388	0.39430284857571213	0.5257371314342828
TNBC94 extension	87	tcell_exhaustion	427	107	-0.020025499213216766	-0.006596089936286381	-0.013429409276930385	0.05547226386806597	0.22188905547226387
TNBC94 extension	87	tcell_ifng_response	427	107	0.019669372371472815	0.005953624854518322	0.013715747516954493	0.3098450774612694	0.5257371314342828
TNBC94 extension	87	tcell_progenitor	427	107	-0.05137990237453094	-0.051451289045483406	7.138667095246687e-05	0.9985007496251874	0.9985007496251874
TNBC94 extension	88	cd8_cytotoxic	1199	300	0.0363941318581171	0.0037597814400638363	0.032634350418053265	0.0004997501249375312	0.0004997501249375312
TNBC94 extension	88	tcell_exhaustion	1199	300	0.02447897629065207	0.0018223108511615516	0.02265666543949052	0.0004997501249375312	0.0004997501249375312
TNBC94 extension	88	tcell_ifng_response	1199	300	0.04010795315089283	-0.0007293947408804347	0.04083734789177326	0.0004997501249375312	0.0004997501249375312
TNBC94 extension	88	tcell_progenitor	1199	300	0.025290488210669884	0.0037253422936403963	0.021565145917029488	0.0004997501249375312	0.0004997501249375312
TNBC94 extension	89	cd8_cytotoxic	1129	283	0.011380522734564483	0.00448393352437252	0.006896589210191963	0.3373313343328336	0.6746626686656672
TNBC94 extension	89	tcell_exhaustion	1129	283	0.0019654598338826462	0.0015833213032292737	0.00038213853065337255	0.9050474762618691	0.9050474762618691
TNBC94 extension	89	tcell_ifng_response	1129	283	0.008934728571539957	0.0011572167054453575	0.0077775118660946	0.08345827086456771	0.33383308345827084
TNBC94 extension	89	tcell_progenitor	1129	283	0.010816698058946639	0.00598523603814817	0.004831462020798469	0.6121939030484758	0.8162585373979677
TNBC94 extension	90	cd8_cytotoxic	1108	277	0.03154898875927366	0.0007937251251094249	0.030755263634164233	0.0004997501249375312	0.0004997501249375312
TNBC94 extension	90	tcell_exhaustion	1108	277	0.017193834121073254	-7.387338047548653e-05	0.01726770750154874	0.0004997501249375312	0.0004997501249375312
TNBC94 extension	90	tcell_ifng_response	1108	277	0.05255466968431838	0.0005287208177607583	0.05202594886655762	0.0004997501249375312	0.0004997501249375312
TNBC94 extension	90	tcell_progenitor	1108	277	0.014416677011133958	0.0004183624303207359	0.013998314580813222	0.0004997501249375312	0.0004997501249375312
TNBC94 extension	91	cd8_cytotoxic	1407	352	0.016740518962700443	0.0011763072083073312	0.015564211754393112	0.0004997501249375312	0.001999000499750125
TNBC94 extension	91	tcell_exhaustion	1407	352	0.006358345530877163	0.0001569659794884784	0.006201379551388685	0.0239880059970015	0.047976011994003
TNBC94 extension	91	tcell_ifng_response	1407	352	0.00836465990157792	-0.004224290404367614	0.012588950305945534	0.07596201899050475	0.10128269198733968
TNBC94 extension	91	tcell_progenitor	1407	352	0.006476158769187182	0.0009187353521814684	0.0055574234170057135	0.13193403298350825	0.13193403298350825
TNBC94 extension	92	cd8_cytotoxic	824	206	0.012314196844546765	0.007548786606395047	0.004765410238151718	0.5412293853073463	0.7216391804097951
TNBC94 extension	92	tcell_exhaustion	824	206	0.004060282965826084	0.004125885051398978	-6.560208557289393e-05	0.9890054972513743	0.9890054972513743
TNBC94 extension	92	tcell_ifng_response	824	206	0.04062416815030223	-0.0013963990390660763	0.04202056718936831	0.001999000499750125	0.0079960019990005
TNBC94 extension	92	tcell_progenitor	824	206	0.0010995755718146705	0.006028023248962219	-0.004928447677147549	0.5402298850574713	0.7216391804097951
TNBC94 extension	93	cd8_cytotoxic	994	249	8.199780086798336e-05	0.000451056135458483	-0.00036905833459049964	0.9460269865067467	0.9460269865067467
TNBC94 extension	93	tcell_exhaustion	994	249	-0.009904045574105791	-0.0007687655611524069	-0.009135280012953384	0.09645177411294353	0.19290354822588707
TNBC94 extension	93	tcell_ifng_response	994	249	-0.04170674935795721	-0.009045611733387526	-0.03266113762456968	0.0014992503748125937	0.005997001499250375
TNBC94 extension	93	tcell_progenitor	994	249	-0.0035542380968088816	-0.0011303835003809992	-0.0024238545964278824	0.6376811594202898	0.8502415458937197
TNBC94 extension	94	cd8_cytotoxic	1246	312	0.0027437635091406704	-0.0014840484421553835	0.004227811951296054	0.2988505747126437	0.2988505747126437
TNBC94 extension	94	tcell_exhaustion	1246	312	0.0024974160761712105	-0.004542821299898331	0.007040237376069541	0.02948525737131434	0.05897051474262868
TNBC94 extension	94	tcell_ifng_response	1246	312	0.01806134022084288	-0.004576132936418453	0.022637473157261334	0.0009995002498750624	0.00399800099950025
TNBC94 extension	94	tcell_progenitor	1246	312	0.002932768529854912	-0.002194333985582872	0.005127102515437784	0.13993003498250875	0.18657337997667833
TNBC94 extension	95	cd8_cytotoxic	1584	396	0.005657735049389732	0.001569387783953071	0.004088347265436661	0.16841579210394803	0.16841579210394803
TNBC94 extension	95	tcell_exhaustion	1584	396	0.005077145634895475	0.00031724907654032825	0.004759896558355146	0.05547226386806597	0.07396301849075462
TNBC94 extension	95	tcell_ifng_response	1584	396	0.0114682682129945	-0.0001628795651755291	0.01163114777817003	0.001999000499750125	0.00399800099950025
TNBC94 extension	95	tcell_progenitor	1584	396	0.010331243140658052	0.0008700783312599429	0.009461164809398109	0.0004997501249375312	0.001999000499750125
TNBC94 extension	96	cd8_cytotoxic	1324	331	0.0029144890911339365	0.0008662267607054174	0.002048262330428519	0.00849575212393803	0.02731967349658504
TNBC94 extension	96	tcell_exhaustion	1324	331	0.0028057887544369244	0.0021868505341529195	0.0006189382202840049	0.552223888055972	0.552223888055972
TNBC94 extension	96	tcell_ifng_response	1324	331	0.006014006041938202	0.001916891170975545	0.004097114870962657	0.015492253873063468	0.02731967349658504
TNBC94 extension	96	tcell_progenitor	1324	331	0.008747483876761858	0.0035935470819434857	0.005153936794818372	0.02048975512243878	0.02731967349658504
