cohort	unit	omitted_gene	genes_retained	excess_over_null
Wu discovery	1142243F	none	13	0.16399858141338153
Wu discovery	1142243F	CD36	12	0.16126059989855432
Wu discovery	1142243F	CD52	12	0.14871062092567014
Wu discovery	1142243F	FABP5	12	0.17829851473727729
Wu discovery	1142243F	FBP1	12	0.16435898183882272
Wu discovery	1142243F	FN1	12	0.12828313472786762
Wu discovery	1142243F	HMOX1	12	0.17002104649582161
Wu discovery	1142243F	LYZ	12	0.1512079521491145
Wu discovery	1142243F	MARCO	12	0.1655374744661403
Wu discovery	1142243F	MT2A	12	0.1813107385444895
Wu discovery	1142243F	NUPR1	12	0.15971685394813598
Wu discovery	1142243F	S100A8	12	0.16160112855265943
Wu discovery	1142243F	SPP1	12	0.1748482538478697
Wu discovery	1142243F	TIMP1	12	0.15054484698274265
Wu discovery	1160920F	none	13	0.044944898585974884
Wu discovery	1160920F	CD36	12	0.04261565883873179
Wu discovery	1160920F	CD52	12	0.016007930851581628
Wu discovery	1160920F	FABP5	12	0.08886408778116421
Wu discovery	1160920F	FBP1	12	0.04593528500112257
Wu discovery	1160920F	FN1	12	0.023100660540111048
Wu discovery	1160920F	HMOX1	12	0.048983681417102076
Wu discovery	1160920F	LYZ	12	-0.009753422414776197
Wu discovery	1160920F	MARCO	12	0.06738100150262494
Wu discovery	1160920F	MT2A	12	0.06402441149354904
Wu discovery	1160920F	NUPR1	12	0.07907944700424738
Wu discovery	1160920F	S100A8	12	0.07334661276158798
Wu discovery	1160920F	SPP1	12	0.09676010066560073
Wu discovery	1160920F	TIMP1	12	0.029969174835062673
Wu discovery	CID4290	none	13	0.14847689599501263
Wu discovery	CID4290	CD36	12	0.15638580351742598
Wu discovery	CID4290	CD52	12	0.14640557525693346
Wu discovery	CID4290	FABP5	12	0.13244696901226644
Wu discovery	CID4290	FBP1	12	0.15838304470914782
Wu discovery	CID4290	FN1	12	0.09857465561565214
Wu discovery	CID4290	HMOX1	12	0.14740767111276207
Wu discovery	CID4290	LYZ	12	0.1357658815531249
Wu discovery	CID4290	MARCO	12	0.14871871837263984
Wu discovery	CID4290	MT2A	12	0.1247601463559522
Wu discovery	CID4290	NUPR1	12	0.13741702266975264
Wu discovery	CID4290	S100A8	12	0.16874018775272454
Wu discovery	CID4290	SPP1	12	0.15128884773851112
Wu discovery	CID4290	TIMP1	12	0.1593990959180265
Wu discovery	CID4465	none	13	-0.004925201581781016
Wu discovery	CID4465	CD36	12	-0.12628042281187637
Wu discovery	CID4465	CD52	12	0.002543681316983305
Wu discovery	CID4465	FABP5	12	-0.04355217964812426
Wu discovery	CID4465	FBP1	12	-0.01704046707982074
Wu discovery	CID4465	FN1	12	-0.04533183606595515
Wu discovery	CID4465	HMOX1	12	-0.015751818307121492
Wu discovery	CID4465	LYZ	12	0.04053203325841696
Wu discovery	CID4465	MARCO	12	0.021822478377419775
Wu discovery	CID4465	MT2A	12	-0.07495413850282426
Wu discovery	CID4465	NUPR1	12	0.01794648012576046
Wu discovery	CID4465	S100A8	12	0.075300453408106
Wu discovery	CID4465	SPP1	12	-0.02006153120262412
Wu discovery	CID4465	TIMP1	12	-0.09413297876093725
Wu discovery	CID44971	none	13	0.02104828387527008
Wu discovery	CID44971	CD36	12	-0.019982458867410624
Wu discovery	CID44971	CD52	12	0.017481540170484144
Wu discovery	CID44971	FABP5	12	0.05563388053040741
Wu discovery	CID44971	FBP1	12	0.02109620829672154
Wu discovery	CID44971	FN1	12	-0.0017433721674889324
Wu discovery	CID44971	HMOX1	12	0.0055615376177695075
Wu discovery	CID44971	LYZ	12	-0.03589931411690339
Wu discovery	CID44971	MARCO	12	0.06412889949930056
Wu discovery	CID44971	MT2A	12	0.05142020079108106
Wu discovery	CID44971	NUPR1	12	0.05798574931415712
Wu discovery	CID44971	S100A8	12	0.004978060812140528
Wu discovery	CID44971	SPP1	12	0.029071214873497703
Wu discovery	CID44971	TIMP1	12	-0.029322529072350473
Wu discovery	CID4535	none	13	0.3699618160066982
Wu discovery	CID4535	CD36	12	0.35455162866199474
Wu discovery	CID4535	CD52	12	0.3609380799982135
Wu discovery	CID4535	FABP5	12	0.38762895265387187
Wu discovery	CID4535	FBP1	12	0.415887209491907
Wu discovery	CID4535	FN1	12	0.29387351874504164
Wu discovery	CID4535	HMOX1	12	0.3718155197325381
Wu discovery	CID4535	LYZ	12	0.3879959962114201
Wu discovery	CID4535	MARCO	12	0.3778948274777153
Wu discovery	CID4535	MT2A	12	0.34193830240298995
Wu discovery	CID4535	NUPR1	12	0.36098093842696455
Wu discovery	CID4535	S100A8	12	0.3634434370166465
Wu discovery	CID4535	SPP1	12	0.38050942636669505
Wu discovery	CID4535	TIMP1	12	0.31321851251096144
Figshare validation	P1	none	13	0.09880390405334664
Figshare validation	P1	CD36	12	0.09406582356095061
Figshare validation	P1	CD52	12	0.09451544134540588
Figshare validation	P1	FABP5	12	0.07732224044301024
Figshare validation	P1	FBP1	12	0.10857212749606893
Figshare validation	P1	FN1	12	0.02273710847429487
Figshare validation	P1	HMOX1	12	0.08162502243465719
Figshare validation	P1	LYZ	12	0.09953474631461744
Figshare validation	P1	MARCO	12	0.09873126469158902
Figshare validation	P1	MT2A	12	0.10455270701343634
Figshare validation	P1	NUPR1	12	0.09374536987783699
Figshare validation	P1	S100A8	12	0.10580195720422138
Figshare validation	P1	SPP1	12	0.09023028920804747
Figshare validation	P1	TIMP1	12	0.06270670618025062
Figshare validation	P2	none	13	0.19819761633424265
Figshare validation	P2	CD36	12	0.22926671863527937
Figshare validation	P2	CD52	12	0.20216597112628265
Figshare validation	P2	FABP5	12	0.20002926470440363
Figshare validation	P2	FBP1	12	0.20167054395817371
Figshare validation	P2	FN1	12	0.1842940883155908
Figshare validation	P2	HMOX1	12	0.19676554445214106
Figshare validation	P2	LYZ	12	0.16686456688521775
Figshare validation	P2	MARCO	12	0.1962551461283718
Figshare validation	P2	MT2A	12	0.19540180522581213
Figshare validation	P2	NUPR1	12	0.19275176808215722
Figshare validation	P2	S100A8	12	0.20067539931821465
Figshare validation	P2	SPP1	12	0.2499859075369228
Figshare validation	P2	TIMP1	12	0.1654542570696067
Figshare validation	P3	none	13	0.11774169753537904
Figshare validation	P3	CD36	12	0.12155326620943643
Figshare validation	P3	CD52	12	0.042214919624715866
Figshare validation	P3	FABP5	12	0.09150604150886381
Figshare validation	P3	FBP1	12	0.1267349503827843
Figshare validation	P3	FN1	12	0.04951005187520743
Figshare validation	P3	HMOX1	12	0.12317852516002177
Figshare validation	P3	LYZ	12	0.12094802359951609
Figshare validation	P3	MARCO	12	0.13660013261162324
Figshare validation	P3	MT2A	12	0.1060552298361448
Figshare validation	P3	NUPR1	12	0.12198592872536089
Figshare validation	P3	S100A8	12	0.16553882068195114
Figshare validation	P3	SPP1	12	0.2374235235370552
Figshare validation	P3	TIMP1	12	0.02721251079847884
Figshare validation	P4	none	13	0.14884968120518965
Figshare validation	P4	CD36	12	0.08929641946468243
Figshare validation	P4	CD52	12	0.14313401464518302
Figshare validation	P4	FABP5	12	0.1595049133827325
Figshare validation	P4	FBP1	12	0.13685663868289408
Figshare validation	P4	FN1	12	-0.06958922425568217
Figshare validation	P4	HMOX1	12	0.12150408738890751
Figshare validation	P4	LYZ	12	0.07411682328911595
Figshare validation	P4	MARCO	12	0.1334746008926635
Figshare validation	P4	MT2A	12	0.21134315714266735
Figshare validation	P4	NUPR1	12	0.16852176531172072
Figshare validation	P4	S100A8	12	0.17217286550744643
Figshare validation	P4	SPP1	12	0.22485480674767003
Figshare validation	P4	TIMP1	12	0.15727565977197303
Figshare validation	P5	none	13	0.2651978807971495
Figshare validation	P5	CD36	12	0.257923587700851
Figshare validation	P5	CD52	12	0.2662374762047791
Figshare validation	P5	FABP5	12	0.2900840252780377
Figshare validation	P5	FBP1	12	0.2571435422874866
Figshare validation	P5	FN1	12	0.2521009255379904
Figshare validation	P5	HMOX1	12	0.20368237270646822
Figshare validation	P5	LYZ	12	0.2112931344959524
Figshare validation	P5	MARCO	12	0.26537494722140964
Figshare validation	P5	MT2A	12	0.29077241982787044
Figshare validation	P5	NUPR1	12	0.32504571577021424
Figshare validation	P5	S100A8	12	0.2648345556400469
Figshare validation	P5	SPP1	12	0.29693103877673543
Figshare validation	P5	TIMP1	12	0.172089666480658
Figshare validation	P6	none	13	0.11149727213510674
Figshare validation	P6	CD36	12	0.12264918363491863
Figshare validation	P6	CD52	12	0.10374529977526643
Figshare validation	P6	FABP5	12	0.12017471855954187
Figshare validation	P6	FBP1	12	0.10238865049082967
Figshare validation	P6	FN1	12	0.045583374756925296
Figshare validation	P6	HMOX1	12	0.09692292467076873
Figshare validation	P6	LYZ	12	0.07461952010863666
Figshare validation	P6	MARCO	12	0.12470204259577061
Figshare validation	P6	MT2A	12	0.08033621295656629
Figshare validation	P6	NUPR1	12	0.07795851533037082
Figshare validation	P6	S100A8	12	0.09522059877832886
Figshare validation	P6	SPP1	12	0.14218423418232276
Figshare validation	P6	TIMP1	12	0.03892371889596008
Figshare validation	P7	none	13	-0.08983534495913405
Figshare validation	P7	CD36	12	-0.08383749887608863
Figshare validation	P7	CD52	12	-0.08328486146717157
Figshare validation	P7	FABP5	12	-0.10957591334494352
Figshare validation	P7	FBP1	12	-0.0890588720050007
Figshare validation	P7	FN1	12	-0.10856067199037259
Figshare validation	P7	HMOX1	12	-0.08472994415325998
Figshare validation	P7	LYZ	12	-0.0718591193488526
Figshare validation	P7	MARCO	12	-0.08983534495913405
Figshare validation	P7	MT2A	12	-0.08401665777394657
Figshare validation	P7	NUPR1	12	-0.09937570975324808
Figshare validation	P7	S100A8	12	-0.06065269676225512
Figshare validation	P7	SPP1	12	-0.09497018679754023
Figshare validation	P7	TIMP1	12	-0.10298421055858073
Figshare validation	P8	none	13	0.1255355330856952
Figshare validation	P8	CD36	12	0.12196353178408038
Figshare validation	P8	CD52	12	0.12539770979059192
Figshare validation	P8	FABP5	12	0.12804900844403677
Figshare validation	P8	FBP1	12	0.13948736303935103
Figshare validation	P8	FN1	12	0.08277470070335229
Figshare validation	P8	HMOX1	12	0.12978860813519136
Figshare validation	P8	LYZ	12	0.1260748293193761
Figshare validation	P8	MARCO	12	0.12691582681402827
Figshare validation	P8	MT2A	12	0.11623152633256569
Figshare validation	P8	NUPR1	12	0.14332608891978232
Figshare validation	P8	S100A8	12	0.1191705347589162
Figshare validation	P8	SPP1	12	0.16443508591252995
Figshare validation	P8	TIMP1	12	0.11150064744062932
TNBC94 extension	1	none	13	0.09900791157987851
TNBC94 extension	1	CD36	12	0.09246031842443087
TNBC94 extension	1	CD52	12	0.07562308208931516
TNBC94 extension	1	FABP5	12	0.10080769717391776
TNBC94 extension	1	FBP1	12	0.10256365181194593
TNBC94 extension	1	FN1	12	0.04847800267070941
TNBC94 extension	1	HMOX1	12	0.10315147138988907
TNBC94 extension	1	LYZ	12	0.11021257218737078
TNBC94 extension	1	MARCO	12	0.09191411672352302
TNBC94 extension	1	MT2A	12	0.12151311001073778
TNBC94 extension	1	NUPR1	12	0.13037310678161743
TNBC94 extension	1	S100A8	12	0.09071985289235292
TNBC94 extension	1	SPP1	12	0.07990887230308323
TNBC94 extension	1	TIMP1	12	0.11663075368924204
TNBC94 extension	2	none	13	0.05323038779091446
TNBC94 extension	2	CD36	12	0.030575759198620742
TNBC94 extension	2	CD52	12	-0.00944315766806095
TNBC94 extension	2	FABP5	12	0.06318982708090154
TNBC94 extension	2	FBP1	12	0.057048418780076375
TNBC94 extension	2	FN1	12	0.04014458654230739
TNBC94 extension	2	HMOX1	12	0.02496304201345241
TNBC94 extension	2	LYZ	12	0.028425960695911964
TNBC94 extension	2	MARCO	12	0.060775903081605964
TNBC94 extension	2	MT2A	12	0.0895682408167396
TNBC94 extension	2	NUPR1	12	0.05867410358239952
TNBC94 extension	2	S100A8	12	0.07016428978588918
TNBC94 extension	2	SPP1	12	0.060310528159661154
TNBC94 extension	2	TIMP1	12	0.036871038271149875
TNBC94 extension	3	none	13	0.2131447051932133
TNBC94 extension	3	CD36	12	0.21081508937833907
TNBC94 extension	3	CD52	12	0.1910784856601276
TNBC94 extension	3	FABP5	12	0.23460734024088664
TNBC94 extension	3	FBP1	12	0.24616678810648882
TNBC94 extension	3	FN1	12	0.22104294233038524
TNBC94 extension	3	HMOX1	12	0.2825578569321372
TNBC94 extension	3	LYZ	12	0.2275043867717942
TNBC94 extension	3	MARCO	12	0.19393894323460897
TNBC94 extension	3	MT2A	12	0.20204112184088072
TNBC94 extension	3	NUPR1	12	0.21471528028835749
TNBC94 extension	3	S100A8	12	0.22532730161104075
TNBC94 extension	3	SPP1	12	0.22645643203678514
TNBC94 extension	3	TIMP1	12	0.16976302043426925
TNBC94 extension	4	none	13	0.10660520888180373
TNBC94 extension	4	CD36	12	0.12027398195645073
TNBC94 extension	4	CD52	12	0.10898598477500844
TNBC94 extension	4	FABP5	12	0.0974085269614393
TNBC94 extension	4	FBP1	12	0.1243381786039515
TNBC94 extension	4	FN1	12	0.11631481441247987
TNBC94 extension	4	HMOX1	12	0.11955296414567175
TNBC94 extension	4	LYZ	12	0.06738553335624207
TNBC94 extension	4	MARCO	12	0.1428651294594042
TNBC94 extension	4	MT2A	12	0.13319516977013163
TNBC94 extension	4	NUPR1	12	0.09097851353662867
TNBC94 extension	4	S100A8	12	0.12358056233177292
TNBC94 extension	4	SPP1	12	0.111972041365195
TNBC94 extension	4	TIMP1	12	0.07060547464438785
TNBC94 extension	5	none	13	-0.10817883151217825
TNBC94 extension	5	CD36	12	-0.10975237444903285
TNBC94 extension	5	CD52	12	-0.11062127171959853
TNBC94 extension	5	FABP5	12	-0.11816012715580529
TNBC94 extension	5	FBP1	12	-0.12630549463876886
TNBC94 extension	5	FN1	12	-0.11508069458405251
TNBC94 extension	5	HMOX1	12	-0.1285179144338417
TNBC94 extension	5	LYZ	12	-0.12859933366163115
TNBC94 extension	5	MARCO	12	-0.07815399937946055
TNBC94 extension	5	MT2A	12	-0.134075424277311
TNBC94 extension	5	NUPR1	12	-0.06199517704079928
TNBC94 extension	5	S100A8	12	-0.09592622016368395
TNBC94 extension	5	SPP1	12	-0.10967189287012
TNBC94 extension	5	TIMP1	12	-0.13352319582735253
TNBC94 extension	6	none	13	0.05516996406276124
TNBC94 extension	6	CD36	12	0.005972317046698809
TNBC94 extension	6	CD52	12	0.04404229293599573
TNBC94 extension	6	FABP5	12	0.08853903078176745
TNBC94 extension	6	FBP1	12	0.05402024656221739
TNBC94 extension	6	FN1	12	0.13425757605991762
TNBC94 extension	6	HMOX1	12	0.08135845296211273
TNBC94 extension	6	LYZ	12	0.062302959798156636
TNBC94 extension	6	MARCO	12	0.054991269339832526
TNBC94 extension	6	MT2A	12	0.13138950177053038
TNBC94 extension	6	NUPR1	12	0.14347119959083393
TNBC94 extension	6	S100A8	12	0.048648164380795306
TNBC94 extension	6	SPP1	12	0.061515578677008964
TNBC94 extension	6	TIMP1	12	0.024070090257893445
TNBC94 extension	7	none	13	0.07242489592866888
TNBC94 extension	7	CD36	12	0.0865829999445777
TNBC94 extension	7	CD52	12	0.07755960058543976
TNBC94 extension	7	FABP5	12	0.07601839239668869
TNBC94 extension	7	FBP1	12	0.04976760114933031
TNBC94 extension	7	FN1	12	0.08513965002304202
TNBC94 extension	7	HMOX1	12	0.05893348055693201
TNBC94 extension	7	LYZ	12	0.07162194350303458
TNBC94 extension	7	MARCO	12	0.07853366664193026
TNBC94 extension	7	MT2A	12	0.12591423935533394
TNBC94 extension	7	NUPR1	12	0.049130783636641466
TNBC94 extension	7	S100A8	12	0.10590027377695813
TNBC94 extension	7	SPP1	12	0.06729891666770574
TNBC94 extension	7	TIMP1	12	0.04532276967924158
TNBC94 extension	8	none	13	0.014299592824368566
TNBC94 extension	8	CD36	12	-0.005056872709505472
TNBC94 extension	8	CD52	12	-0.04144886965173794
TNBC94 extension	8	FABP5	12	0.03150498063405229
TNBC94 extension	8	FBP1	12	-0.003015863797451888
TNBC94 extension	8	FN1	12	0.0016436253613242423
TNBC94 extension	8	HMOX1	12	0.006680746294283288
TNBC94 extension	8	LYZ	12	0.00514981418813165
TNBC94 extension	8	MARCO	12	0.014299592824368566
TNBC94 extension	8	MT2A	12	-0.03658090176834046
TNBC94 extension	8	NUPR1	12	0.02558352481431566
TNBC94 extension	8	S100A8	12	0.05098908763522325
TNBC94 extension	8	SPP1	12	-0.007794488785553555
TNBC94 extension	8	TIMP1	12	-0.10858949326978666
TNBC94 extension	9	none	13	0.011111264327023931
TNBC94 extension	9	CD36	12	0.03930901384717099
TNBC94 extension	9	CD52	12	0.010801049560552299
TNBC94 extension	9	FABP5	12	0.01662556908746849
TNBC94 extension	9	FBP1	12	0.013465943341533053
TNBC94 extension	9	FN1	12	-0.04154654800990895
TNBC94 extension	9	HMOX1	12	0.01341553661184474
TNBC94 extension	9	LYZ	12	0.016883430374471306
TNBC94 extension	9	MARCO	12	0.011111264327023931
TNBC94 extension	9	MT2A	12	0.048178848352089236
TNBC94 extension	9	NUPR1	12	0.034137797561905575
TNBC94 extension	9	S100A8	12	0.06295209536506138
TNBC94 extension	9	SPP1	12	0.09380375667292465
TNBC94 extension	9	TIMP1	12	0.052737257308674665
TNBC94 extension	10	none	13	0.07448989753448551
TNBC94 extension	10	CD36	12	0.06560401595497342
TNBC94 extension	10	CD52	12	0.036893540407984086
TNBC94 extension	10	FABP5	12	0.07448989753448551
TNBC94 extension	10	FBP1	12	0.07347255206448353
TNBC94 extension	10	FN1	12	0.009357854081654914
TNBC94 extension	10	HMOX1	12	0.0709565278968323
TNBC94 extension	10	LYZ	12	0.0680992472968737
TNBC94 extension	10	MARCO	12	0.07261344600047459
TNBC94 extension	10	MT2A	12	0.07377390560493644
TNBC94 extension	10	NUPR1	12	0.11980567655282635
TNBC94 extension	10	S100A8	12	0.07426618333985249
TNBC94 extension	10	SPP1	12	0.06679971924075179
TNBC94 extension	10	TIMP1	12	0.05427027910462571
TNBC94 extension	11	none	13	0.10144282391732638
TNBC94 extension	11	CD36	12	0.09134470033189349
TNBC94 extension	11	CD52	12	0.0536848411786983
TNBC94 extension	11	FABP5	12	0.10419979936484976
TNBC94 extension	11	FBP1	12	0.10439954173216359
TNBC94 extension	11	FN1	12	0.016229881709774997
TNBC94 extension	11	HMOX1	12	0.09508284694122762
TNBC94 extension	11	LYZ	12	0.07120023370620235
TNBC94 extension	11	MARCO	12	0.10034052300831398
TNBC94 extension	11	MT2A	12	0.20307916288641403
TNBC94 extension	11	NUPR1	12	0.12580581742926425
TNBC94 extension	11	S100A8	12	0.15238460462030423
TNBC94 extension	11	SPP1	12	0.08247522990944027
TNBC94 extension	11	TIMP1	12	0.07359909473619508
TNBC94 extension	12	none	13	0.1538993638732244
TNBC94 extension	12	CD36	12	0.1496672031288714
TNBC94 extension	12	CD52	12	0.13828155353401866
TNBC94 extension	12	FABP5	12	0.14936445459437303
TNBC94 extension	12	FBP1	12	0.14714245891416378
TNBC94 extension	12	FN1	12	0.12341337193867385
TNBC94 extension	12	HMOX1	12	0.14991022163452375
TNBC94 extension	12	LYZ	12	0.1198161248492231
TNBC94 extension	12	MARCO	12	0.16063377040230903
TNBC94 extension	12	MT2A	12	0.16714208949297718
TNBC94 extension	12	NUPR1	12	0.13214862766546395
TNBC94 extension	12	S100A8	12	0.1425673540766041
TNBC94 extension	12	SPP1	12	0.1365951700851555
TNBC94 extension	12	TIMP1	12	0.12691823480562206
TNBC94 extension	13	none	13	0.07529592334923438
TNBC94 extension	13	CD36	12	0.09062338579252531
TNBC94 extension	13	CD52	12	0.08148132818944603
TNBC94 extension	13	FABP5	12	0.0761103973163995
TNBC94 extension	13	FBP1	12	0.07359152373157384
TNBC94 extension	13	FN1	12	0.059466928119710355
TNBC94 extension	13	HMOX1	12	0.08355786589548118
TNBC94 extension	13	LYZ	12	0.07149502185333184
TNBC94 extension	13	MARCO	12	0.07773098044714602
TNBC94 extension	13	MT2A	12	0.0844128030068996
TNBC94 extension	13	NUPR1	12	0.10161974306299602
TNBC94 extension	13	S100A8	12	0.08016503763317998
TNBC94 extension	13	SPP1	12	0.09324064206745328
TNBC94 extension	13	TIMP1	12	0.034032327675707345
TNBC94 extension	14	none	13	0.02820889192825496
TNBC94 extension	14	CD36	12	-0.00652170552724865
TNBC94 extension	14	CD52	12	-0.02174047678513222
TNBC94 extension	14	FABP5	12	0.06951293798912106
TNBC94 extension	14	FBP1	12	0.004121027201701155
TNBC94 extension	14	FN1	12	0.0270603316327001
TNBC94 extension	14	HMOX1	12	0.02665507730392154
TNBC94 extension	14	LYZ	12	0.0010072115516049224
TNBC94 extension	14	MARCO	12	0.05254102047814588
TNBC94 extension	14	MT2A	12	0.01626261435506436
TNBC94 extension	14	NUPR1	12	0.017689859695958793
TNBC94 extension	14	S100A8	12	0.022102662845833426
TNBC94 extension	14	SPP1	12	0.026780886013749207
TNBC94 extension	14	TIMP1	12	-0.038780857676638775
TNBC94 extension	15	none	13	0.05822284083686069
TNBC94 extension	15	CD36	12	0.05293968443108593
TNBC94 extension	15	CD52	12	0.09590821730546013
TNBC94 extension	15	FABP5	12	0.055806885334331244
TNBC94 extension	15	FBP1	12	0.06418778571794974
TNBC94 extension	15	FN1	12	-0.02287756618809381
TNBC94 extension	15	HMOX1	12	0.057117066347257585
TNBC94 extension	15	LYZ	12	0.0815470821548813
TNBC94 extension	15	MARCO	12	0.07392324120548495
TNBC94 extension	15	MT2A	12	0.055423837775776585
TNBC94 extension	15	NUPR1	12	0.05607011406296452
TNBC94 extension	15	S100A8	12	0.059131711775633054
TNBC94 extension	15	SPP1	12	0.07066897520092882
TNBC94 extension	15	TIMP1	12	0.04393925928377617
TNBC94 extension	16	none	13	0.10247347229267535
TNBC94 extension	16	CD36	12	0.09715732795232339
TNBC94 extension	16	CD52	12	0.09658918757950327
TNBC94 extension	16	FABP5	12	0.0943826782109338
TNBC94 extension	16	FBP1	12	0.10247347229267535
TNBC94 extension	16	FN1	12	0.07761880712541222
TNBC94 extension	16	HMOX1	12	0.10266128348142568
TNBC94 extension	16	LYZ	12	0.11594072014907236
TNBC94 extension	16	MARCO	12	0.12316247939329034
TNBC94 extension	16	MT2A	12	0.12836808797129606
TNBC94 extension	16	NUPR1	12	0.10635845543625712
TNBC94 extension	16	S100A8	12	0.08952723001233809
TNBC94 extension	16	SPP1	12	0.11468446982208516
TNBC94 extension	16	TIMP1	12	0.061205337050528545
TNBC94 extension	19	none	13	0.062176525624598314
TNBC94 extension	19	CD36	12	0.03017480433678222
TNBC94 extension	19	CD52	12	0.00278199721638335
TNBC94 extension	19	FABP5	12	0.05290522104071968
TNBC94 extension	19	FBP1	12	0.04856475321285211
TNBC94 extension	19	FN1	12	0.049352615210625325
TNBC94 extension	19	HMOX1	12	0.05323088753449946
TNBC94 extension	19	LYZ	12	0.020767605821345667
TNBC94 extension	19	MARCO	12	0.055345305276921566
TNBC94 extension	19	MT2A	12	0.05544674066833816
TNBC94 extension	19	NUPR1	12	0.09369031986539969
TNBC94 extension	19	S100A8	12	0.049920053228827366
TNBC94 extension	19	SPP1	12	0.11182567541419683
TNBC94 extension	19	TIMP1	12	0.008576859923043322
TNBC94 extension	20	none	13	0.008841724225010329
TNBC94 extension	20	CD36	12	0.020193107003835024
TNBC94 extension	20	CD52	12	-0.004047074780887646
TNBC94 extension	20	FABP5	12	0.027137617850439725
TNBC94 extension	20	FBP1	12	0.013227066892034648
TNBC94 extension	20	FN1	12	-0.06706864460783886
TNBC94 extension	20	HMOX1	12	0.004140184210602263
TNBC94 extension	20	LYZ	12	-0.0251051643420305
TNBC94 extension	20	MARCO	12	0.03189812033836889
TNBC94 extension	20	MT2A	12	0.02245683643607667
TNBC94 extension	20	NUPR1	12	0.006149690472684604
TNBC94 extension	20	S100A8	12	0.03833532432775885
TNBC94 extension	20	SPP1	12	0.0069088223541175775
TNBC94 extension	20	TIMP1	12	0.0036457745604851384
TNBC94 extension	21	none	13	-0.04374745516403844
TNBC94 extension	21	CD36	12	-0.06273352501916776
TNBC94 extension	21	CD52	12	-0.01754744888924476
TNBC94 extension	21	FABP5	12	-0.045355157081080746
TNBC94 extension	21	FBP1	12	-0.05154104434044354
TNBC94 extension	21	FN1	12	-0.03721113991351737
TNBC94 extension	21	HMOX1	12	-0.07217569424063644
TNBC94 extension	21	LYZ	12	-0.048750821701052945
TNBC94 extension	21	MARCO	12	-0.05225695697237534
TNBC94 extension	21	MT2A	12	0.0005019334907340883
TNBC94 extension	21	NUPR1	12	-0.06954388569402586
TNBC94 extension	21	S100A8	12	-0.06217406810275304
TNBC94 extension	21	SPP1	12	-0.001339844241110888
TNBC94 extension	21	TIMP1	12	-0.03301654102253773
TNBC94 extension	22	none	13	0.07649654272722917
TNBC94 extension	22	CD36	12	0.06615516181888176
TNBC94 extension	22	CD52	12	0.07033049419908388
TNBC94 extension	22	FABP5	12	0.078205151411945
TNBC94 extension	22	FBP1	12	0.07566258022379874
TNBC94 extension	22	FN1	12	0.06590666937903011
TNBC94 extension	22	HMOX1	12	0.07546124395273851
TNBC94 extension	22	LYZ	12	0.08116289408255312
TNBC94 extension	22	MARCO	12	0.07900253642875954
TNBC94 extension	22	MT2A	12	0.10740506381408832
TNBC94 extension	22	NUPR1	12	0.09422525514475466
TNBC94 extension	22	S100A8	12	0.08254662800205304
TNBC94 extension	22	SPP1	12	0.07598101364119159
TNBC94 extension	22	TIMP1	12	0.06990883285714178
TNBC94 extension	23	none	13	0.047263376116485796
TNBC94 extension	23	CD36	12	0.04298504791570422
TNBC94 extension	23	CD52	12	0.052065623033710796
TNBC94 extension	23	FABP5	12	0.05919951262011104
TNBC94 extension	23	FBP1	12	0.0533437800100314
TNBC94 extension	23	FN1	12	0.001566456883674689
TNBC94 extension	23	HMOX1	12	0.05433910401532707
TNBC94 extension	23	LYZ	12	0.038327993299859364
TNBC94 extension	23	MARCO	12	0.07795711060228216
TNBC94 extension	23	MT2A	12	0.033431492722592646
TNBC94 extension	23	NUPR1	12	0.1031627792692157
TNBC94 extension	23	S100A8	12	0.05669805517302199
TNBC94 extension	23	SPP1	12	0.06274190466553908
TNBC94 extension	23	TIMP1	12	-0.026032207035667828
TNBC94 extension	24	none	13	0.1650779721127055
TNBC94 extension	24	CD36	12	0.1650779721127055
TNBC94 extension	24	CD52	12	0.1857652801022349
TNBC94 extension	24	FABP5	12	0.1651908456474002
TNBC94 extension	24	FBP1	12	0.1650779721127055
TNBC94 extension	24	FN1	12	0.18272709555215266
TNBC94 extension	24	HMOX1	12	0.1993519703253816
TNBC94 extension	24	LYZ	12	0.1700699296600709
TNBC94 extension	24	MARCO	12	0.1862931317278348
TNBC94 extension	24	MT2A	12	0.23332220815382262
TNBC94 extension	24	NUPR1	12	0.20522878503266934
TNBC94 extension	24	S100A8	12	0.19431173535355828
TNBC94 extension	24	SPP1	12	0.23465591303557656
TNBC94 extension	24	TIMP1	12	0.15099037566044646
TNBC94 extension	25	none	13	0.2505633794206462
TNBC94 extension	25	CD36	12	0.2799718039204351
TNBC94 extension	25	CD52	12	0.25948328917201685
TNBC94 extension	25	FABP5	12	0.26415437082079773
TNBC94 extension	25	FBP1	12	0.258005665476874
TNBC94 extension	25	FN1	12	0.1464596766731338
TNBC94 extension	25	HMOX1	12	0.254943498449944
TNBC94 extension	25	LYZ	12	0.30614049050611647
TNBC94 extension	25	MARCO	12	0.2768091219287031
TNBC94 extension	25	MT2A	12	0.26522359496479475
TNBC94 extension	25	NUPR1	12	0.2463679925196376
TNBC94 extension	25	S100A8	12	0.26568208608956206
TNBC94 extension	25	SPP1	12	0.25124666293513487
TNBC94 extension	25	TIMP1	12	0.23824076545741632
TNBC94 extension	26	none	13	0.13588702190821722
TNBC94 extension	26	CD36	12	0.14709653826247965
TNBC94 extension	26	CD52	12	0.1589014815235562
TNBC94 extension	26	FABP5	12	0.17217005006110256
TNBC94 extension	26	FBP1	12	0.13588702190821722
TNBC94 extension	26	FN1	12	0.17918490546581856
TNBC94 extension	26	HMOX1	12	0.13616309850242408
TNBC94 extension	26	LYZ	12	0.14457746620285433
TNBC94 extension	26	MARCO	12	0.13588702190821722
TNBC94 extension	26	MT2A	12	0.11679424528837676
TNBC94 extension	26	NUPR1	12	0.2132566645592508
TNBC94 extension	26	S100A8	12	0.1507172139421054
TNBC94 extension	26	SPP1	12	0.2457866085656087
TNBC94 extension	26	TIMP1	12	0.1082696639338801
TNBC94 extension	27	none	13	0.07007065189242814
TNBC94 extension	27	CD36	12	0.07229045338493555
TNBC94 extension	27	CD52	12	0.07513333350650049
TNBC94 extension	27	FABP5	12	0.07222129919442502
TNBC94 extension	27	FBP1	12	0.07624406534018563
TNBC94 extension	27	FN1	12	-0.013114695870396983
TNBC94 extension	27	HMOX1	12	0.06780404582774285
TNBC94 extension	27	LYZ	12	0.04457435178394899
TNBC94 extension	27	MARCO	12	0.07696345069237845
TNBC94 extension	27	MT2A	12	0.06819067191990547
TNBC94 extension	27	NUPR1	12	0.0814633751862007
TNBC94 extension	27	S100A8	12	0.06631952150087514
TNBC94 extension	27	SPP1	12	0.08948185502145868
TNBC94 extension	27	TIMP1	12	0.042611664211371955
TNBC94 extension	28	none	13	0.12801403612708673
TNBC94 extension	28	CD36	12	0.13677217152108467
TNBC94 extension	28	CD52	12	0.227741428903516
TNBC94 extension	28	FABP5	12	0.12506966971868583
TNBC94 extension	28	FBP1	12	0.1259707629037666
TNBC94 extension	28	FN1	12	0.03808045206399156
TNBC94 extension	28	HMOX1	12	0.1445531810258081
TNBC94 extension	28	LYZ	12	0.15026349424308455
TNBC94 extension	28	MARCO	12	0.11461068097587057
TNBC94 extension	28	MT2A	12	0.11657339392205693
TNBC94 extension	28	NUPR1	12	0.11063223893749338
TNBC94 extension	28	S100A8	12	0.1202766519775212
TNBC94 extension	28	SPP1	12	0.10981839953306763
TNBC94 extension	28	TIMP1	12	0.09799206084611095
TNBC94 extension	29	none	13	0.06969740589887347
TNBC94 extension	29	CD36	12	0.04985583883866061
TNBC94 extension	29	CD52	12	-0.0035589620030239758
TNBC94 extension	29	FABP5	12	0.06662704956664463
TNBC94 extension	29	FBP1	12	0.06671612011180002
TNBC94 extension	29	FN1	12	0.034203484761287234
TNBC94 extension	29	HMOX1	12	0.04054921110212458
TNBC94 extension	29	LYZ	12	0.03544343382323059
TNBC94 extension	29	MARCO	12	0.06688122356342738
TNBC94 extension	29	MT2A	12	0.0917702451612076
TNBC94 extension	29	NUPR1	12	0.0506550735932907
TNBC94 extension	29	S100A8	12	0.055249532615093536
TNBC94 extension	29	SPP1	12	0.06435548481699066
TNBC94 extension	29	TIMP1	12	0.030224443493339158
TNBC94 extension	30	none	13	0.11980277949039375
TNBC94 extension	30	CD36	12	0.11260794380278133
TNBC94 extension	30	CD52	12	0.05541067556873758
TNBC94 extension	30	FABP5	12	0.08937983277486936
TNBC94 extension	30	FBP1	12	0.09846110872319261
TNBC94 extension	30	FN1	12	0.03231783908864082
TNBC94 extension	30	HMOX1	12	0.09515834092873404
TNBC94 extension	30	LYZ	12	0.056035805970352626
TNBC94 extension	30	MARCO	12	0.07547967742445748
TNBC94 extension	30	MT2A	12	0.11027281699999793
TNBC94 extension	30	NUPR1	12	0.1291432397762271
TNBC94 extension	30	S100A8	12	0.08167489291946514
TNBC94 extension	30	SPP1	12	0.13487010389074722
TNBC94 extension	30	TIMP1	12	0.03729892565763033
TNBC94 extension	31	none	13	-0.05424612881306799
TNBC94 extension	31	CD36	12	-0.05371784601486575
TNBC94 extension	31	CD52	12	-0.02346087506159517
TNBC94 extension	31	FABP5	12	-0.04820848816294012
TNBC94 extension	31	FBP1	12	-0.04201186951703301
TNBC94 extension	31	FN1	12	-0.10032412859534987
TNBC94 extension	31	HMOX1	12	-0.02551440116636871
TNBC94 extension	31	LYZ	12	0.0011767837425761783
TNBC94 extension	31	MARCO	12	-0.021438540238659085
TNBC94 extension	31	MT2A	12	-0.036121823767405636
TNBC94 extension	31	NUPR1	12	-0.08402813779296676
TNBC94 extension	31	S100A8	12	-0.0734238051782149
TNBC94 extension	31	SPP1	12	-0.04992363786506565
TNBC94 extension	31	TIMP1	12	-0.10734398975955395
TNBC94 extension	32	none	13	0.032948009649478194
TNBC94 extension	32	CD36	12	0.018611026603027176
TNBC94 extension	32	CD52	12	0.06790536173353204
TNBC94 extension	32	FABP5	12	0.01721140960128957
TNBC94 extension	32	FBP1	12	0.02030358666241864
TNBC94 extension	32	FN1	12	-0.017256373210682872
TNBC94 extension	32	HMOX1	12	0.015645461623580444
TNBC94 extension	32	LYZ	12	0.03730464836872588
TNBC94 extension	32	MARCO	12	0.0016581783105285245
TNBC94 extension	32	MT2A	12	0.07613612885348198
TNBC94 extension	32	NUPR1	12	0.04202099231943863
TNBC94 extension	32	S100A8	12	-0.005414739689308633
TNBC94 extension	32	SPP1	12	-0.04574357642532727
TNBC94 extension	32	TIMP1	12	0.03359054756991128
TNBC94 extension	33	none	13	0.1964978595467767
TNBC94 extension	33	CD36	12	0.17283734304303924
TNBC94 extension	33	CD52	12	0.19535355628852025
TNBC94 extension	33	FABP5	12	0.18935675273183308
TNBC94 extension	33	FBP1	12	0.20040231812212347
TNBC94 extension	33	FN1	12	0.0965902824401869
TNBC94 extension	33	HMOX1	12	0.1926866014811833
TNBC94 extension	33	LYZ	12	0.20392136853210907
TNBC94 extension	33	MARCO	12	0.1983870873431834
TNBC94 extension	33	MT2A	12	0.14254711771346495
TNBC94 extension	33	NUPR1	12	0.18458674055107394
TNBC94 extension	33	S100A8	12	0.19797786272300089
TNBC94 extension	33	SPP1	12	0.19142458932211182
TNBC94 extension	33	TIMP1	12	0.15091795748584075
TNBC94 extension	34	none	13	0.12233694248255875
TNBC94 extension	34	CD36	12	0.11794046370535956
TNBC94 extension	34	CD52	12	0.09860047735167399
TNBC94 extension	34	FABP5	12	0.12145713785579332
TNBC94 extension	34	FBP1	12	0.12003657497857503
TNBC94 extension	34	FN1	12	0.11886185466090565
TNBC94 extension	34	HMOX1	12	0.1286462679809192
TNBC94 extension	34	LYZ	12	0.12433600915478892
TNBC94 extension	34	MARCO	12	0.1240083068396994
TNBC94 extension	34	MT2A	12	0.12557116902082627
TNBC94 extension	34	NUPR1	12	0.09517696005633752
TNBC94 extension	34	S100A8	12	0.11735235138915642
TNBC94 extension	34	SPP1	12	0.13071526701395317
TNBC94 extension	34	TIMP1	12	0.05825265559637434
TNBC94 extension	35	none	13	0.21369814903046602
TNBC94 extension	35	CD36	12	0.2065307449446504
TNBC94 extension	35	CD52	12	0.21652138208802202
TNBC94 extension	35	FABP5	12	0.2659229776435804
TNBC94 extension	35	FBP1	12	0.19561073969046536
TNBC94 extension	35	FN1	12	0.1817221133841065
TNBC94 extension	35	HMOX1	12	0.19230655858068663
TNBC94 extension	35	LYZ	12	0.22113911288129684
TNBC94 extension	35	MARCO	12	0.21347829608786242
TNBC94 extension	35	MT2A	12	0.2029291217710235
TNBC94 extension	35	NUPR1	12	0.2596175744268555
TNBC94 extension	35	S100A8	12	0.28319782913528524
TNBC94 extension	35	SPP1	12	0.21654762693493712
TNBC94 extension	35	TIMP1	12	0.19102600508787632
TNBC94 extension	36	none	13	-0.050724937467217686
TNBC94 extension	36	CD36	12	-0.0646187799323714
TNBC94 extension	36	CD52	12	-0.07838926057209639
TNBC94 extension	36	FABP5	12	-0.05449269431347731
TNBC94 extension	36	FBP1	12	-0.06336710924988354
TNBC94 extension	36	FN1	12	-0.06571396065337956
TNBC94 extension	36	HMOX1	12	-0.04094982747331111
TNBC94 extension	36	LYZ	12	-0.05583376948508857
TNBC94 extension	36	MARCO	12	-0.04941248718731374
TNBC94 extension	36	MT2A	12	-0.04726949073841957
TNBC94 extension	36	NUPR1	12	-0.04229892739073587
TNBC94 extension	36	S100A8	12	-0.054724915044772365
TNBC94 extension	36	SPP1	12	-0.03872083505500845
TNBC94 extension	36	TIMP1	12	-0.05321660269096681
TNBC94 extension	37	none	13	0.15138461683166435
TNBC94 extension	37	CD36	12	0.15267800746948687
TNBC94 extension	37	CD52	12	0.11681233219617128
TNBC94 extension	37	FABP5	12	0.16338353076306278
TNBC94 extension	37	FBP1	12	0.14620885076696524
TNBC94 extension	37	FN1	12	0.13782461514006647
TNBC94 extension	37	HMOX1	12	0.1514595135424459
TNBC94 extension	37	LYZ	12	0.16165637808396555
TNBC94 extension	37	MARCO	12	0.16098998160357955
TNBC94 extension	37	MT2A	12	0.1631875133395948
TNBC94 extension	37	NUPR1	12	0.1991627804878101
TNBC94 extension	37	S100A8	12	0.1598927403390074
TNBC94 extension	37	SPP1	12	0.16558151225276962
TNBC94 extension	37	TIMP1	12	0.11188690171244957
TNBC94 extension	38	none	13	-0.032621642574682155
TNBC94 extension	38	CD36	12	-0.04569517637772094
TNBC94 extension	38	CD52	12	-0.0645137047109957
TNBC94 extension	38	FABP5	12	-0.029965231209495572
TNBC94 extension	38	FBP1	12	-0.0036905389950103846
TNBC94 extension	38	FN1	12	-0.04516427930240207
TNBC94 extension	38	HMOX1	12	-0.03860422493620507
TNBC94 extension	38	LYZ	12	-0.03890262030657434
TNBC94 extension	38	MARCO	12	-0.01478306415929755
TNBC94 extension	38	MT2A	12	-0.024511155121629505
TNBC94 extension	38	NUPR1	12	-0.01463140265006781
TNBC94 extension	38	S100A8	12	-0.048401414007622094
TNBC94 extension	38	SPP1	12	-0.0288566278530067
TNBC94 extension	38	TIMP1	12	-0.043695430947673274
TNBC94 extension	39	none	13	-0.019168236194036795
TNBC94 extension	39	CD36	12	-0.060735150641360564
TNBC94 extension	39	CD52	12	-0.036791797292983694
TNBC94 extension	39	FABP5	12	-0.01247486892384259
TNBC94 extension	39	FBP1	12	-0.011916980225166879
TNBC94 extension	39	FN1	12	-0.007335301560134365
TNBC94 extension	39	HMOX1	12	-0.007818596448760602
TNBC94 extension	39	LYZ	12	-0.009100702179440985
TNBC94 extension	39	MARCO	12	0.0009602456622383143
TNBC94 extension	39	MT2A	12	0.032358453579717075
TNBC94 extension	39	NUPR1	12	-0.03460816266446116
TNBC94 extension	39	S100A8	12	-0.017998960984013025
TNBC94 extension	39	SPP1	12	0.011898266500101423
TNBC94 extension	39	TIMP1	12	-0.05559947979524751
TNBC94 extension	40	none	13	0.028163796692558307
TNBC94 extension	40	CD36	12	0.02900607719736696
TNBC94 extension	40	CD52	12	0.020305756551021528
TNBC94 extension	40	FABP5	12	0.031874310863520786
TNBC94 extension	40	FBP1	12	0.030305511199097357
TNBC94 extension	40	FN1	12	-0.0124964703400125
TNBC94 extension	40	HMOX1	12	0.0460412233631922
TNBC94 extension	40	LYZ	12	0.05543292064121281
TNBC94 extension	40	MARCO	12	0.035616356524635046
TNBC94 extension	40	MT2A	12	0.057200663145966765
TNBC94 extension	40	NUPR1	12	0.024305345974360473
TNBC94 extension	40	S100A8	12	0.027593013382714696
TNBC94 extension	40	SPP1	12	0.0738164119446318
TNBC94 extension	40	TIMP1	12	0.043003370074666494
TNBC94 extension	41	none	13	0.23424710240451285
TNBC94 extension	41	CD36	12	0.22800398368262298
TNBC94 extension	41	CD52	12	0.21201308250585477
TNBC94 extension	41	FABP5	12	0.2228844674724046
TNBC94 extension	41	FBP1	12	0.25861122838585027
TNBC94 extension	41	FN1	12	0.17770784311252896
TNBC94 extension	41	HMOX1	12	0.2213909255146071
TNBC94 extension	41	LYZ	12	0.21587837997180487
TNBC94 extension	41	MARCO	12	0.2732622510429225
TNBC94 extension	41	MT2A	12	0.2325943996177398
TNBC94 extension	41	NUPR1	12	0.23630505238076532
TNBC94 extension	41	S100A8	12	0.26737668038495316
TNBC94 extension	41	SPP1	12	0.23439838461852644
TNBC94 extension	41	TIMP1	12	0.1893507893380605
TNBC94 extension	42	none	13	0.18705453639996067
TNBC94 extension	42	CD36	12	0.18712821787606798
TNBC94 extension	42	CD52	12	0.1699710259582579
TNBC94 extension	42	FABP5	12	0.18949994095291933
TNBC94 extension	42	FBP1	12	0.18152597228567546
TNBC94 extension	42	FN1	12	0.15990604961784263
TNBC94 extension	42	HMOX1	12	0.2167408646625079
TNBC94 extension	42	LYZ	12	0.2101047074448743
TNBC94 extension	42	MARCO	12	0.20063606294072955
TNBC94 extension	42	MT2A	12	0.21982899050634547
TNBC94 extension	42	NUPR1	12	0.2150722220145635
TNBC94 extension	42	S100A8	12	0.21398367522444056
TNBC94 extension	42	SPP1	12	0.19494188313573002
TNBC94 extension	42	TIMP1	12	0.16872172149342327
TNBC94 extension	43	none	13	0.12615528615917976
TNBC94 extension	43	CD36	12	0.11828612996408774
TNBC94 extension	43	CD52	12	0.03247299084118107
TNBC94 extension	43	FABP5	12	0.1418592223787387
TNBC94 extension	43	FBP1	12	0.13307920979668209
TNBC94 extension	43	FN1	12	0.059312445532557205
TNBC94 extension	43	HMOX1	12	0.1215884684581244
TNBC94 extension	43	LYZ	12	0.08298300307694131
TNBC94 extension	43	MARCO	12	0.11360911431326265
TNBC94 extension	43	MT2A	12	0.16955785720157657
TNBC94 extension	43	NUPR1	12	0.21304573607048535
TNBC94 extension	43	S100A8	12	0.15096290927820918
TNBC94 extension	43	SPP1	12	0.11769985999946658
TNBC94 extension	43	TIMP1	12	0.02551130768563924
TNBC94 extension	44	none	13	0.013883579316772164
TNBC94 extension	44	CD36	12	0.007629090105816985
TNBC94 extension	44	CD52	12	0.03690153943544521
TNBC94 extension	44	FABP5	12	0.014351452960902657
TNBC94 extension	44	FBP1	12	0.011524812477025019
TNBC94 extension	44	FN1	12	-0.032966828459935954
TNBC94 extension	44	HMOX1	12	-0.006442682336257298
TNBC94 extension	44	LYZ	12	0.02375579567200367
TNBC94 extension	44	MARCO	12	0.015724019151931598
TNBC94 extension	44	MT2A	12	0.030827758373137115
TNBC94 extension	44	NUPR1	12	0.09286362438244153
TNBC94 extension	44	S100A8	12	0.08598675847292306
TNBC94 extension	44	SPP1	12	0.03207660029926629
TNBC94 extension	44	TIMP1	12	-0.03339605304866294
TNBC94 extension	45	none	13	0.08027664910561605
TNBC94 extension	45	CD36	12	0.080216887543887
TNBC94 extension	45	CD52	12	0.07956257122748078
TNBC94 extension	45	FABP5	12	0.07803711944126482
TNBC94 extension	45	FBP1	12	0.07375681393259004
TNBC94 extension	45	FN1	12	0.04122975157681552
TNBC94 extension	45	HMOX1	12	0.07952665886076067
TNBC94 extension	45	LYZ	12	0.05747519480666541
TNBC94 extension	45	MARCO	12	0.08079825691383084
TNBC94 extension	45	MT2A	12	0.0826599990678965
TNBC94 extension	45	NUPR1	12	0.0697836007364667
TNBC94 extension	45	S100A8	12	0.07617863588356766
TNBC94 extension	45	SPP1	12	0.08294053073664677
TNBC94 extension	45	TIMP1	12	0.04925466439820292
TNBC94 extension	46	none	13	0.033351855009080965
TNBC94 extension	46	CD36	12	0.03990301768837157
TNBC94 extension	46	CD52	12	0.01765584515710708
TNBC94 extension	46	FABP5	12	0.028016759781935026
TNBC94 extension	46	FBP1	12	0.033351855009080965
TNBC94 extension	46	FN1	12	-0.1314633759791204
TNBC94 extension	46	HMOX1	12	0.03247857034803843
TNBC94 extension	46	LYZ	12	0.029930288304778094
TNBC94 extension	46	MARCO	12	0.033351855009080965
TNBC94 extension	46	MT2A	12	0.023709863200178233
TNBC94 extension	46	NUPR1	12	0.02854484978334372
TNBC94 extension	46	S100A8	12	0.04409086824748805
TNBC94 extension	46	SPP1	12	-0.011705324630154649
TNBC94 extension	46	TIMP1	12	-0.04933405927355549
TNBC94 extension	47	none	13	0.09638056369266262
TNBC94 extension	47	CD36	12	0.09347547311530659
TNBC94 extension	47	CD52	12	0.09927503682389978
TNBC94 extension	47	FABP5	12	0.10172822360776353
TNBC94 extension	47	FBP1	12	0.10161142012241813
TNBC94 extension	47	FN1	12	0.041519041082559674
TNBC94 extension	47	HMOX1	12	0.1056796983499641
TNBC94 extension	47	LYZ	12	0.08929569761577645
TNBC94 extension	47	MARCO	12	0.0801260761217939
TNBC94 extension	47	MT2A	12	0.11884901599667606
TNBC94 extension	47	NUPR1	12	0.1049481609518657
TNBC94 extension	47	S100A8	12	0.07663393123198713
TNBC94 extension	47	SPP1	12	0.12114602771048767
TNBC94 extension	47	TIMP1	12	0.0686162002556977
TNBC94 extension	48	none	13	0.04120856715617785
TNBC94 extension	48	CD36	12	0.0490860597211219
TNBC94 extension	48	CD52	12	0.03654847522936194
TNBC94 extension	48	FABP5	12	0.06485188429134242
TNBC94 extension	48	FBP1	12	0.03917581636047647
TNBC94 extension	48	FN1	12	0.015535485970896878
TNBC94 extension	48	HMOX1	12	0.03672449857179608
TNBC94 extension	48	LYZ	12	0.07307542766971321
TNBC94 extension	48	MARCO	12	0.046232623442730894
TNBC94 extension	48	MT2A	12	0.03803781514923155
TNBC94 extension	48	NUPR1	12	0.09497928517922322
TNBC94 extension	48	S100A8	12	0.04625117070067224
TNBC94 extension	48	SPP1	12	0.04565147405154338
TNBC94 extension	48	TIMP1	12	-0.02258509757566974
TNBC94 extension	49	none	13	0.12543677560866742
TNBC94 extension	49	CD36	12	0.12543677560866742
TNBC94 extension	49	CD52	12	0.11957339898343328
TNBC94 extension	49	FABP5	12	0.12516069652675332
TNBC94 extension	49	FBP1	12	0.12770936821196394
TNBC94 extension	49	FN1	12	0.19839708090306404
TNBC94 extension	49	HMOX1	12	0.11910238775505352
TNBC94 extension	49	LYZ	12	0.15009541114982772
TNBC94 extension	49	MARCO	12	0.12680084102215938
TNBC94 extension	49	MT2A	12	0.0995230533616076
TNBC94 extension	49	NUPR1	12	0.1110915575893098
TNBC94 extension	49	S100A8	12	0.1896590655212547
TNBC94 extension	49	SPP1	12	0.08919094583795911
TNBC94 extension	49	TIMP1	12	0.08889759339396568
TNBC94 extension	50	none	13	0.03541696285104229
TNBC94 extension	50	CD36	12	0.054274919145724604
TNBC94 extension	50	CD52	12	-0.0009346927174742337
TNBC94 extension	50	FABP5	12	0.05776595664604661
TNBC94 extension	50	FBP1	12	0.05257921566030982
TNBC94 extension	50	FN1	12	0.1042608571880875
TNBC94 extension	50	HMOX1	12	0.06782267937897762
TNBC94 extension	50	LYZ	12	0.09869664627532507
TNBC94 extension	50	MARCO	12	0.050577935733806284
TNBC94 extension	50	MT2A	12	0.04319397994314603
TNBC94 extension	50	NUPR1	12	0.08172440124920083
TNBC94 extension	50	S100A8	12	0.041861939521279506
TNBC94 extension	50	SPP1	12	0.054665632824633936
TNBC94 extension	50	TIMP1	12	0.04415185257922176
TNBC94 extension	51	none	13	0.14530853222486861
TNBC94 extension	51	CD36	12	0.14455779572050043
TNBC94 extension	51	CD52	12	0.11808964816323239
TNBC94 extension	51	FABP5	12	0.1333340930821586
TNBC94 extension	51	FBP1	12	0.14352062665134926
TNBC94 extension	51	FN1	12	0.09568396209415869
TNBC94 extension	51	HMOX1	12	0.1685492767159003
TNBC94 extension	51	LYZ	12	0.14577410481806424
TNBC94 extension	51	MARCO	12	0.17305645013187548
TNBC94 extension	51	MT2A	12	0.18668927231302654
TNBC94 extension	51	NUPR1	12	0.16523386578367882
TNBC94 extension	51	S100A8	12	0.14881951294515686
TNBC94 extension	51	SPP1	12	0.16445750420888516
TNBC94 extension	51	TIMP1	12	0.08348817701889771
TNBC94 extension	52	none	13	-0.03999033906249447
TNBC94 extension	52	CD36	12	-0.04278708383761631
TNBC94 extension	52	CD52	12	-0.05650492855837918
TNBC94 extension	52	FABP5	12	-0.03235213626599862
TNBC94 extension	52	FBP1	12	-0.010553706754422774
TNBC94 extension	52	FN1	12	-0.04122840250552273
TNBC94 extension	52	HMOX1	12	-0.06473409845229663
TNBC94 extension	52	LYZ	12	-0.004075578470332627
TNBC94 extension	52	MARCO	12	-0.017768600656960613
TNBC94 extension	52	MT2A	12	0.011047930639784355
TNBC94 extension	52	NUPR1	12	0.027582153215110074
TNBC94 extension	52	S100A8	12	0.03277935185295454
TNBC94 extension	52	SPP1	12	0.03965825350530401
TNBC94 extension	52	TIMP1	12	-0.038722397656610855
TNBC94 extension	53	none	13	-0.02709213999960779
TNBC94 extension	53	CD36	12	-0.01814502384656516
TNBC94 extension	53	CD52	12	-0.05196459246025486
TNBC94 extension	53	FABP5	12	-0.025439587588235776
TNBC94 extension	53	FBP1	12	0.006518967163425112
TNBC94 extension	53	FN1	12	-9.007475637623497e-05
TNBC94 extension	53	HMOX1	12	-0.03143251029549992
TNBC94 extension	53	LYZ	12	-0.006159247872657241
TNBC94 extension	53	MARCO	12	-0.10178017558206787
TNBC94 extension	53	MT2A	12	-0.029017388266275826
TNBC94 extension	53	NUPR1	12	-0.04984580920796618
TNBC94 extension	53	S100A8	12	0.010248220441489089
TNBC94 extension	53	SPP1	12	0.034668941803215295
TNBC94 extension	53	TIMP1	12	-0.027136830944180387
TNBC94 extension	54	none	13	0.2859991132391172
TNBC94 extension	54	CD36	12	0.27121144829104904
TNBC94 extension	54	CD52	12	0.23332065167532184
TNBC94 extension	54	FABP5	12	0.2730971929040251
TNBC94 extension	54	FBP1	12	0.31069631274016274
TNBC94 extension	54	FN1	12	0.22585925096271953
TNBC94 extension	54	HMOX1	12	0.27067773510661225
TNBC94 extension	54	LYZ	12	0.26582449035677835
TNBC94 extension	54	MARCO	12	0.28295983700780547
TNBC94 extension	54	MT2A	12	0.2965681125708683
TNBC94 extension	54	NUPR1	12	0.3127241033117249
TNBC94 extension	54	S100A8	12	0.2563802654242473
TNBC94 extension	54	SPP1	12	0.2543185951495975
TNBC94 extension	54	TIMP1	12	0.25666565870986796
TNBC94 extension	55	none	13	-0.23283868371112929
TNBC94 extension	55	CD36	12	-0.21048297468219257
TNBC94 extension	55	CD52	12	-0.22569361867698567
TNBC94 extension	55	FABP5	12	-0.23296099608858628
TNBC94 extension	55	FBP1	12	-0.23211651635149977
TNBC94 extension	55	FN1	12	-0.2157704735194645
TNBC94 extension	55	HMOX1	12	-0.226499714305443
TNBC94 extension	55	LYZ	12	-0.2196957641837748
TNBC94 extension	55	MARCO	12	-0.1984473724491149
TNBC94 extension	55	MT2A	12	-0.14665989182943534
TNBC94 extension	55	NUPR1	12	-0.14316305238425064
TNBC94 extension	55	S100A8	12	-0.18470183358573453
TNBC94 extension	55	SPP1	12	-0.2924581030136162
TNBC94 extension	55	TIMP1	12	-0.27572881721804454
TNBC94 extension	56	none	13	0.1096768581139516
TNBC94 extension	56	CD36	12	0.09274544276834984
TNBC94 extension	56	CD52	12	0.10580888496707157
TNBC94 extension	56	FABP5	12	0.1180898160207371
TNBC94 extension	56	FBP1	12	0.09965963644766544
TNBC94 extension	56	FN1	12	0.07830552603248446
TNBC94 extension	56	HMOX1	12	0.0974565238454082
TNBC94 extension	56	LYZ	12	0.09000424070960529
TNBC94 extension	56	MARCO	12	0.09798529884952671
TNBC94 extension	56	MT2A	12	0.13843011982016648
TNBC94 extension	56	NUPR1	12	0.13251249936992646
TNBC94 extension	56	S100A8	12	0.11019085418512076
TNBC94 extension	56	SPP1	12	0.10656210036946714
TNBC94 extension	56	TIMP1	12	0.11485726605077823
TNBC94 extension	57	none	13	0.21776955418338215
TNBC94 extension	57	CD36	12	0.2321701068642321
TNBC94 extension	57	CD52	12	0.20758055542117726
TNBC94 extension	57	FABP5	12	0.23052731539192878
TNBC94 extension	57	FBP1	12	0.21658050659481032
TNBC94 extension	57	FN1	12	0.15256954252632976
TNBC94 extension	57	HMOX1	12	0.24759992394375568
TNBC94 extension	57	LYZ	12	0.21112115850128568
TNBC94 extension	57	MARCO	12	0.21776955418338215
TNBC94 extension	57	MT2A	12	0.22578933518362035
TNBC94 extension	57	NUPR1	12	0.24613323494091338
TNBC94 extension	57	S100A8	12	0.22266314869014744
TNBC94 extension	57	SPP1	12	0.2175082505821832
TNBC94 extension	57	TIMP1	12	0.2303841515549919
TNBC94 extension	58	none	13	0.05273655773768959
TNBC94 extension	58	CD36	12	0.0549415251546743
TNBC94 extension	58	CD52	12	-0.011406337959905068
TNBC94 extension	58	FABP5	12	0.05189941153790434
TNBC94 extension	58	FBP1	12	0.04721883487611668
TNBC94 extension	58	FN1	12	0.003231433787042725
TNBC94 extension	58	HMOX1	12	0.0018625652663488805
TNBC94 extension	58	LYZ	12	0.026527264604547657
TNBC94 extension	58	MARCO	12	0.040666069843224906
TNBC94 extension	58	MT2A	12	0.05275892189412997
TNBC94 extension	58	NUPR1	12	0.03776307008753933
TNBC94 extension	58	S100A8	12	0.0973261848718638
TNBC94 extension	58	SPP1	12	0.00907670642675408
TNBC94 extension	58	TIMP1	12	0.0026254426905275245
TNBC94 extension	59	none	13	0.1755486860982842
TNBC94 extension	59	CD36	12	0.18888088068636225
TNBC94 extension	59	CD52	12	0.17920471565214463
TNBC94 extension	59	FABP5	12	0.23159039223663225
TNBC94 extension	59	FBP1	12	0.17195946746167504
TNBC94 extension	59	FN1	12	0.060192926774803285
TNBC94 extension	59	HMOX1	12	0.1929216309183516
TNBC94 extension	59	LYZ	12	0.17722031345762057
TNBC94 extension	59	MARCO	12	0.18560778848096046
TNBC94 extension	59	MT2A	12	0.2694555885196241
TNBC94 extension	59	NUPR1	12	0.24897490210074155
TNBC94 extension	59	S100A8	12	0.10050272576679953
TNBC94 extension	59	SPP1	12	0.1717055012885619
TNBC94 extension	59	TIMP1	12	0.1434995800250844
TNBC94 extension	60	none	13	0.01749434887170393
TNBC94 extension	60	CD36	12	0.0021585757679806264
TNBC94 extension	60	CD52	12	0.026659890953354665
TNBC94 extension	60	FABP5	12	0.004350620178113156
TNBC94 extension	60	FBP1	12	0.017557514283523017
TNBC94 extension	60	FN1	12	-0.029633218437647164
TNBC94 extension	60	HMOX1	12	0.04867852775095611
TNBC94 extension	60	LYZ	12	0.031481625612280933
TNBC94 extension	60	MARCO	12	0.025812072903314887
TNBC94 extension	60	MT2A	12	0.03282105470051761
TNBC94 extension	60	NUPR1	12	0.03930674666054845
TNBC94 extension	60	S100A8	12	0.042138208548051864
TNBC94 extension	60	SPP1	12	0.05393985843720783
TNBC94 extension	60	TIMP1	12	-0.02754622133223146
TNBC94 extension	61	none	13	-0.028291678004549424
TNBC94 extension	61	CD36	12	-0.029168401374146065
TNBC94 extension	61	CD52	12	-0.041939464042141904
TNBC94 extension	61	FABP5	12	-0.02455128770301364
TNBC94 extension	61	FBP1	12	-0.027777027225177126
TNBC94 extension	61	FN1	12	-0.05213175284851052
TNBC94 extension	61	HMOX1	12	-0.007125050321314667
TNBC94 extension	61	LYZ	12	-0.025597800039691074
TNBC94 extension	61	MARCO	12	-0.040640092286900284
TNBC94 extension	61	MT2A	12	0.002421269799591279
TNBC94 extension	61	NUPR1	12	-0.05630632376295868
TNBC94 extension	61	S100A8	12	-0.01056868397086208
TNBC94 extension	61	SPP1	12	0.0006044197228035064
TNBC94 extension	61	TIMP1	12	-0.06463997417384192
TNBC94 extension	62	none	13	0.08830421360362224
TNBC94 extension	62	CD36	12	0.09528974387207056
TNBC94 extension	62	CD52	12	0.10885768991006566
TNBC94 extension	62	FABP5	12	0.08898691795426003
TNBC94 extension	62	FBP1	12	0.09391055348331738
TNBC94 extension	62	FN1	12	0.07215668992048982
TNBC94 extension	62	HMOX1	12	0.10271628091049617
TNBC94 extension	62	LYZ	12	0.10732507336154654
TNBC94 extension	62	MARCO	12	0.11230602441077055
TNBC94 extension	62	MT2A	12	0.059650379058700645
TNBC94 extension	62	NUPR1	12	0.1283949608086588
TNBC94 extension	62	S100A8	12	0.10838643208053818
TNBC94 extension	62	SPP1	12	0.10189518110377681
TNBC94 extension	62	TIMP1	12	0.07435207773950223
TNBC94 extension	63	none	13	0.09795981731765753
TNBC94 extension	63	CD36	12	0.10986805961348774
TNBC94 extension	63	CD52	12	0.10385569942018497
TNBC94 extension	63	FABP5	12	0.09795981731765753
TNBC94 extension	63	FBP1	12	0.11368536587348561
TNBC94 extension	63	FN1	12	0.10111675998791438
TNBC94 extension	63	HMOX1	12	0.13068676467759408
TNBC94 extension	63	LYZ	12	0.09268454700345481
TNBC94 extension	63	MARCO	12	0.09795981731765753
TNBC94 extension	63	MT2A	12	0.11290147699685091
TNBC94 extension	63	NUPR1	12	0.1414825034448561
TNBC94 extension	63	S100A8	12	0.10842817391820539
TNBC94 extension	63	SPP1	12	0.10422253064697465
TNBC94 extension	63	TIMP1	12	0.09816534875319355
TNBC94 extension	64	none	13	0.2063953149938435
TNBC94 extension	64	CD36	12	0.2076369141282266
TNBC94 extension	64	CD52	12	0.19364825516970727
TNBC94 extension	64	FABP5	12	0.2056444190707946
TNBC94 extension	64	FBP1	12	0.20507442421846245
TNBC94 extension	64	FN1	12	0.05998144409014864
TNBC94 extension	64	HMOX1	12	0.19778230484684575
TNBC94 extension	64	LYZ	12	0.21048761867582702
TNBC94 extension	64	MARCO	12	0.2120632962950282
TNBC94 extension	64	MT2A	12	0.23023859490539944
TNBC94 extension	64	NUPR1	12	0.23824369052905855
TNBC94 extension	64	S100A8	12	0.21454862459489527
TNBC94 extension	64	SPP1	12	0.18159910213442013
TNBC94 extension	64	TIMP1	12	0.08144863528333149
TNBC94 extension	65	none	13	0.02315931356386643
TNBC94 extension	65	CD36	12	0.03308474808339478
TNBC94 extension	65	CD52	12	0.003973017008356396
TNBC94 extension	65	FABP5	12	0.03093452818558307
TNBC94 extension	65	FBP1	12	0.0064563674481046066
TNBC94 extension	65	FN1	12	-0.017564909943985914
TNBC94 extension	65	HMOX1	12	0.010476812251965537
TNBC94 extension	65	LYZ	12	0.036118276458508236
TNBC94 extension	65	MARCO	12	0.032137688798993605
TNBC94 extension	65	MT2A	12	0.020423021712802445
TNBC94 extension	65	NUPR1	12	0.03751091396644492
TNBC94 extension	65	S100A8	12	0.05636136156839516
TNBC94 extension	65	SPP1	12	0.05949633553334095
TNBC94 extension	65	TIMP1	12	0.021391139364643867
TNBC94 extension	66	none	13	0.15243334008884418
TNBC94 extension	66	CD36	12	0.16106226517659578
TNBC94 extension	66	CD52	12	0.1405106187234111
TNBC94 extension	66	FABP5	12	0.1473468947403293
TNBC94 extension	66	FBP1	12	0.15892971002127879
TNBC94 extension	66	FN1	12	0.08925299788408447
TNBC94 extension	66	HMOX1	12	0.15082247415292185
TNBC94 extension	66	LYZ	12	0.14569096128808967
TNBC94 extension	66	MARCO	12	0.15060062072122732
TNBC94 extension	66	MT2A	12	0.11523781556142962
TNBC94 extension	66	NUPR1	12	0.14775014978916212
TNBC94 extension	66	S100A8	12	0.18392660681347786
TNBC94 extension	66	SPP1	12	0.14794177936803038
TNBC94 extension	66	TIMP1	12	0.08787776430782848
TNBC94 extension	67	none	13	0.009764267961752266
TNBC94 extension	67	CD36	12	-0.0034348785855067227
TNBC94 extension	67	CD52	12	0.0015046753915106104
TNBC94 extension	67	FABP5	12	0.005278979224446142
TNBC94 extension	67	FBP1	12	0.019948858663424916
TNBC94 extension	67	FN1	12	0.0051721879879016094
TNBC94 extension	67	HMOX1	12	0.0035480444323539324
TNBC94 extension	67	LYZ	12	-3.223163879275109e-05
TNBC94 extension	67	MARCO	12	0.009893653656608978
TNBC94 extension	67	MT2A	12	0.056149520228106944
TNBC94 extension	67	NUPR1	12	0.02535702530654233
TNBC94 extension	67	S100A8	12	0.05049630831183356
TNBC94 extension	67	SPP1	12	-0.00426637668839046
TNBC94 extension	67	TIMP1	12	0.0013474540708872927
TNBC94 extension	68	none	13	0.039422192404074644
TNBC94 extension	68	CD36	12	0.04467703447207336
TNBC94 extension	68	CD52	12	0.03630345476709748
TNBC94 extension	68	FABP5	12	0.03354390274063064
TNBC94 extension	68	FBP1	12	0.0476589386262016
TNBC94 extension	68	FN1	12	0.005209864296955278
TNBC94 extension	68	HMOX1	12	0.016527802375766676
TNBC94 extension	68	LYZ	12	0.0005375174501911356
TNBC94 extension	68	MARCO	12	0.06555970697092578
TNBC94 extension	68	MT2A	12	-0.014268527432965087
TNBC94 extension	68	NUPR1	12	0.06392933618650287
TNBC94 extension	68	S100A8	12	0.06730744918761083
TNBC94 extension	68	SPP1	12	0.09111550717687673
TNBC94 extension	68	TIMP1	12	-0.05303995763902207
TNBC94 extension	69	none	13	0.08424129988991119
TNBC94 extension	69	CD36	12	0.07130473786545265
TNBC94 extension	69	CD52	12	0.049355200828412826
TNBC94 extension	69	FABP5	12	0.08351040852499887
TNBC94 extension	69	FBP1	12	0.07984225950399847
TNBC94 extension	69	FN1	12	0.013760806752051234
TNBC94 extension	69	HMOX1	12	0.06549912829492104
TNBC94 extension	69	LYZ	12	0.07820863582283688
TNBC94 extension	69	MARCO	12	0.0697454786054768
TNBC94 extension	69	MT2A	12	0.1056910399840292
TNBC94 extension	69	NUPR1	12	0.09460022489544985
TNBC94 extension	69	S100A8	12	0.16186790018115021
TNBC94 extension	69	SPP1	12	0.09090454965410424
TNBC94 extension	69	TIMP1	12	0.044158574020611185
TNBC94 extension	70	none	13	0.09656712987851902
TNBC94 extension	70	CD36	12	0.0799359873578207
TNBC94 extension	70	CD52	12	-0.00832603950848065
TNBC94 extension	70	FABP5	12	0.10598838459725796
TNBC94 extension	70	FBP1	12	0.09918095445434878
TNBC94 extension	70	FN1	12	0.07621311317259172
TNBC94 extension	70	HMOX1	12	0.1167579752543162
TNBC94 extension	70	LYZ	12	0.14247880969731608
TNBC94 extension	70	MARCO	12	0.0932447656913613
TNBC94 extension	70	MT2A	12	0.10494834424557571
TNBC94 extension	70	NUPR1	12	0.08415917768140556
TNBC94 extension	70	S100A8	12	0.11127372240011452
TNBC94 extension	70	SPP1	12	0.10101486933057124
TNBC94 extension	70	TIMP1	12	0.0012813413413592864
TNBC94 extension	71	none	13	0.1246580715197233
TNBC94 extension	71	CD36	12	0.13362905084931248
TNBC94 extension	71	CD52	12	0.12187091760254057
TNBC94 extension	71	FABP5	12	0.1324825291452018
TNBC94 extension	71	FBP1	12	0.1373395692900801
TNBC94 extension	71	FN1	12	0.09587574134055168
TNBC94 extension	71	HMOX1	12	0.1327628168253342
TNBC94 extension	71	LYZ	12	0.1112333987959901
TNBC94 extension	71	MARCO	12	0.1268085978812403
TNBC94 extension	71	MT2A	12	0.07548886256176823
TNBC94 extension	71	NUPR1	12	0.09913930677398224
TNBC94 extension	71	S100A8	12	0.12283816438990015
TNBC94 extension	71	SPP1	12	0.11390108330840432
TNBC94 extension	71	TIMP1	12	0.0805647630291966
TNBC94 extension	72	none	13	0.13821217457731466
TNBC94 extension	72	CD36	12	0.14875527271229122
TNBC94 extension	72	CD52	12	0.13210732471615758
TNBC94 extension	72	FABP5	12	0.15683303021453088
TNBC94 extension	72	FBP1	12	0.1250434415101508
TNBC94 extension	72	FN1	12	0.10522821985999714
TNBC94 extension	72	HMOX1	12	0.12099313330223593
TNBC94 extension	72	LYZ	12	0.16496749023539425
TNBC94 extension	72	MARCO	12	0.1391457204367857
TNBC94 extension	72	MT2A	12	0.1650411442060185
TNBC94 extension	72	NUPR1	12	0.15502991424100443
TNBC94 extension	72	S100A8	12	0.16085595822192417
TNBC94 extension	72	SPP1	12	0.14907735419346874
TNBC94 extension	72	TIMP1	12	0.12333538222562584
TNBC94 extension	73	none	13	0.03152399356851187
TNBC94 extension	73	CD36	12	0.024841565801414486
TNBC94 extension	73	CD52	12	0.037608741431605454
TNBC94 extension	73	FABP5	12	0.043440738907491915
TNBC94 extension	73	FBP1	12	0.03766048463269983
TNBC94 extension	73	FN1	12	0.011135941613104836
TNBC94 extension	73	HMOX1	12	0.04124698847084929
TNBC94 extension	73	LYZ	12	0.02302181814058902
TNBC94 extension	73	MARCO	12	0.04121697456528668
TNBC94 extension	73	MT2A	12	0.044395582059116354
TNBC94 extension	73	NUPR1	12	0.025644141276654042
TNBC94 extension	73	S100A8	12	0.07162737657042971
TNBC94 extension	73	SPP1	12	0.046006817858609356
TNBC94 extension	73	TIMP1	12	-0.0022074723612617187
TNBC94 extension	74	none	13	0.06023390168601033
TNBC94 extension	74	CD36	12	0.03785191023227386
TNBC94 extension	74	CD52	12	0.09002112240527807
TNBC94 extension	74	FABP5	12	0.06956289135277108
TNBC94 extension	74	FBP1	12	0.06559709460074341
TNBC94 extension	74	FN1	12	0.062450480590295274
TNBC94 extension	74	HMOX1	12	0.05656923097584553
TNBC94 extension	74	LYZ	12	0.03123110356241631
TNBC94 extension	74	MARCO	12	0.06352358412919654
TNBC94 extension	74	MT2A	12	0.11678470336775182
TNBC94 extension	74	NUPR1	12	0.05137481650504533
TNBC94 extension	74	S100A8	12	0.08257415787162732
TNBC94 extension	74	SPP1	12	0.07135434900771764
TNBC94 extension	74	TIMP1	12	0.04292596187291259
TNBC94 extension	75	none	13	0.02933731019463146
TNBC94 extension	75	CD36	12	0.07387083637379309
TNBC94 extension	75	CD52	12	0.018690316578095622
TNBC94 extension	75	FABP5	12	0.03503306755671263
TNBC94 extension	75	FBP1	12	0.040376200674346066
TNBC94 extension	75	FN1	12	0.01677515066127106
TNBC94 extension	75	HMOX1	12	0.04104457895457982
TNBC94 extension	75	LYZ	12	0.04203799675002649
TNBC94 extension	75	MARCO	12	0.03911274290493549
TNBC94 extension	75	MT2A	12	0.09751607085415484
TNBC94 extension	75	NUPR1	12	0.03713102687308645
TNBC94 extension	75	S100A8	12	0.04845404558540066
TNBC94 extension	75	SPP1	12	0.04738260577455655
TNBC94 extension	75	TIMP1	12	0.021506918283380413
TNBC94 extension	76	none	13	-0.16866854583063953
TNBC94 extension	76	CD36	12	-0.16327124669965012
TNBC94 extension	76	CD52	12	-0.13931485536060056
TNBC94 extension	76	FABP5	12	-0.1551967906100873
TNBC94 extension	76	FBP1	12	-0.1639943306289559
TNBC94 extension	76	FN1	12	-0.12084919663528852
TNBC94 extension	76	HMOX1	12	-0.1692264599663428
TNBC94 extension	76	LYZ	12	-0.19906022688774
TNBC94 extension	76	MARCO	12	-0.13577978062923846
TNBC94 extension	76	MT2A	12	-0.1984366501677974
TNBC94 extension	76	NUPR1	12	-0.17790308780582087
TNBC94 extension	76	S100A8	12	-0.04191722310759183
TNBC94 extension	76	SPP1	12	-0.1481652167496758
TNBC94 extension	76	TIMP1	12	-0.2210849244229418
TNBC94 extension	77	none	13	0.05884431019888822
TNBC94 extension	77	CD36	12	0.052619630962289915
TNBC94 extension	77	CD52	12	-0.006227676425476468
TNBC94 extension	77	FABP5	12	0.057209824209743576
TNBC94 extension	77	FBP1	12	0.04708487865018168
TNBC94 extension	77	FN1	12	0.04070128698091462
TNBC94 extension	77	HMOX1	12	0.02647214907048291
TNBC94 extension	77	LYZ	12	0.032890683704076856
TNBC94 extension	77	MARCO	12	0.06319272700473016
TNBC94 extension	77	MT2A	12	0.04529403450674524
TNBC94 extension	77	NUPR1	12	0.04587923458904963
TNBC94 extension	77	S100A8	12	0.0014564650273962004
TNBC94 extension	77	SPP1	12	0.09071684682499505
TNBC94 extension	77	TIMP1	12	0.02314654779757421
TNBC94 extension	78	none	13	0.09528444374334866
TNBC94 extension	78	CD36	12	0.09787716661973753
TNBC94 extension	78	CD52	12	0.12199906096553835
TNBC94 extension	78	FABP5	12	0.11304461132532995
TNBC94 extension	78	FBP1	12	0.10499078967160633
TNBC94 extension	78	FN1	12	0.13238299316031255
TNBC94 extension	78	HMOX1	12	0.0906526494550424
TNBC94 extension	78	LYZ	12	0.11606006701099306
TNBC94 extension	78	MARCO	12	0.11514757258346073
TNBC94 extension	78	MT2A	12	0.13647518845406453
TNBC94 extension	78	NUPR1	12	0.11980423404976726
TNBC94 extension	78	S100A8	12	0.10700389833316437
TNBC94 extension	78	SPP1	12	0.11674776191568514
TNBC94 extension	78	TIMP1	12	0.02992177493377754
TNBC94 extension	79	none	13	0.2032618536285824
TNBC94 extension	79	CD36	12	0.21475246352040198
TNBC94 extension	79	CD52	12	0.2159336707639126
TNBC94 extension	79	FABP5	12	0.19981827448980924
TNBC94 extension	79	FBP1	12	0.21390009956570313
TNBC94 extension	79	FN1	12	0.08029321276432269
TNBC94 extension	79	HMOX1	12	0.2043075245348031
TNBC94 extension	79	LYZ	12	0.2100313834139448
TNBC94 extension	79	MARCO	12	0.2212451966431576
TNBC94 extension	79	MT2A	12	0.20992768874281792
TNBC94 extension	79	NUPR1	12	0.1415219164781517
TNBC94 extension	79	S100A8	12	0.19378780402117032
TNBC94 extension	79	SPP1	12	0.22165567300141434
TNBC94 extension	79	TIMP1	12	0.21085564888027236
TNBC94 extension	80	none	13	0.07741616748824295
TNBC94 extension	80	CD36	12	0.047372079933032434
TNBC94 extension	80	CD52	12	0.024958217599151095
TNBC94 extension	80	FABP5	12	0.05969972315659172
TNBC94 extension	80	FBP1	12	0.0689872497923447
TNBC94 extension	80	FN1	12	0.07923761971854792
TNBC94 extension	80	HMOX1	12	0.062390981683755536
TNBC94 extension	80	LYZ	12	0.04122442352289564
TNBC94 extension	80	MARCO	12	0.07011319002179647
TNBC94 extension	80	MT2A	12	0.12264697194880937
TNBC94 extension	80	NUPR1	12	0.09975608747584155
TNBC94 extension	80	S100A8	12	0.08317713327524812
TNBC94 extension	80	SPP1	12	0.0815304390051114
TNBC94 extension	80	TIMP1	12	0.07768320609750118
TNBC94 extension	81	none	13	0.028752265620894904
TNBC94 extension	81	CD36	12	0.024162160370421966
TNBC94 extension	81	CD52	12	0.01074341736143681
TNBC94 extension	81	FABP5	12	0.008455141819062185
TNBC94 extension	81	FBP1	12	0.032853948054626846
TNBC94 extension	81	FN1	12	-0.004744307548624954
TNBC94 extension	81	HMOX1	12	0.014909116913534987
TNBC94 extension	81	LYZ	12	0.006354245736058292
TNBC94 extension	81	MARCO	12	0.03716578075836093
TNBC94 extension	81	MT2A	12	0.060345837225155435
TNBC94 extension	81	NUPR1	12	0.061424213668940464
TNBC94 extension	81	S100A8	12	0.00988703038537522
TNBC94 extension	81	SPP1	12	0.04971174106587786
TNBC94 extension	81	TIMP1	12	0.01473526111292104
TNBC94 extension	82	none	13	0.009886704644980662
TNBC94 extension	82	CD36	12	0.0031272949973862665
TNBC94 extension	82	CD52	12	-0.021003001844439068
TNBC94 extension	82	FABP5	12	0.014159487836704718
TNBC94 extension	82	FBP1	12	0.010116909240079847
TNBC94 extension	82	FN1	12	-0.007135759353339738
TNBC94 extension	82	HMOX1	12	0.014397380999971295
TNBC94 extension	82	LYZ	12	0.02538076163198148
TNBC94 extension	82	MARCO	12	-0.018542826572750942
TNBC94 extension	82	MT2A	12	-0.00020253713482729085
TNBC94 extension	82	NUPR1	12	0.015739490225953823
TNBC94 extension	82	S100A8	12	0.01367874568999037
TNBC94 extension	82	SPP1	12	-0.003276476539446656
TNBC94 extension	82	TIMP1	12	-0.00626219196313621
TNBC94 extension	83	none	13	-0.03764804650533038
TNBC94 extension	83	CD36	12	-0.03950995642926911
TNBC94 extension	83	CD52	12	-0.016234703790401657
TNBC94 extension	83	FABP5	12	-0.0404391435294992
TNBC94 extension	83	FBP1	12	-0.05301945049401598
TNBC94 extension	83	FN1	12	-0.043143166222680024
TNBC94 extension	83	HMOX1	12	-0.030945045909439008
TNBC94 extension	83	LYZ	12	-0.049470772266816246
TNBC94 extension	83	MARCO	12	-0.01023218316203767
TNBC94 extension	83	MT2A	12	-0.009571278465046662
TNBC94 extension	83	NUPR1	12	0.00020477673848636607
TNBC94 extension	83	S100A8	12	0.04119830633155811
TNBC94 extension	83	SPP1	12	-0.055991147373039
TNBC94 extension	83	TIMP1	12	-0.04518429004849528
TNBC94 extension	84	none	13	0.16971778343148458
TNBC94 extension	84	CD36	12	0.17587494834845105
TNBC94 extension	84	CD52	12	0.18234308138034339
TNBC94 extension	84	FABP5	12	0.17470874827463165
TNBC94 extension	84	FBP1	12	0.16554600455281002
TNBC94 extension	84	FN1	12	0.17352780593023845
TNBC94 extension	84	HMOX1	12	0.16542714680918422
TNBC94 extension	84	LYZ	12	0.18536257652995852
TNBC94 extension	84	MARCO	12	0.1752418661326252
TNBC94 extension	84	MT2A	12	0.22329634476321292
TNBC94 extension	84	NUPR1	12	0.1767065345800829
TNBC94 extension	84	S100A8	12	0.1724252583899338
TNBC94 extension	84	SPP1	12	0.1660189058450503
TNBC94 extension	84	TIMP1	12	0.12811334561783916
TNBC94 extension	85	none	13	0.020864650210916946
TNBC94 extension	85	CD36	12	0.019367301580979688
TNBC94 extension	85	CD52	12	0.08449166663668346
TNBC94 extension	85	FABP5	12	0.01910857446841702
TNBC94 extension	85	FBP1	12	0.009407318110718026
TNBC94 extension	85	FN1	12	-0.022989217208307832
TNBC94 extension	85	HMOX1	12	0.025499544950414545
TNBC94 extension	85	LYZ	12	0.0247615854800824
TNBC94 extension	85	MARCO	12	0.0489156914131241
TNBC94 extension	85	MT2A	12	0.05111802834326716
TNBC94 extension	85	NUPR1	12	0.04601161288994868
TNBC94 extension	85	S100A8	12	0.04401284002332616
TNBC94 extension	85	SPP1	12	0.027668539872488553
TNBC94 extension	85	TIMP1	12	0.012834298920977087
TNBC94 extension	86	none	13	0.01976351071447037
TNBC94 extension	86	CD36	12	0.0353915079571563
TNBC94 extension	86	CD52	12	0.01352871725783146
TNBC94 extension	86	FABP5	12	0.03948125934816774
TNBC94 extension	86	FBP1	12	0.03081895819312363
TNBC94 extension	86	FN1	12	0.02145973489231072
TNBC94 extension	86	HMOX1	12	0.009391224046616471
TNBC94 extension	86	LYZ	12	0.03598313686243186
TNBC94 extension	86	MARCO	12	0.03637680659759088
TNBC94 extension	86	MT2A	12	0.04744566337023451
TNBC94 extension	86	NUPR1	12	0.009695211816917015
TNBC94 extension	86	S100A8	12	0.01604456939902507
TNBC94 extension	86	SPP1	12	0.03629794590841859
TNBC94 extension	86	TIMP1	12	-0.021960974650834214
TNBC94 extension	87	none	13	0.1544568374123741
TNBC94 extension	87	CD36	12	0.15119808209630325
TNBC94 extension	87	CD52	12	0.14285672737266025
TNBC94 extension	87	FABP5	12	0.15075776678300112
TNBC94 extension	87	FBP1	12	0.15267760084178383
TNBC94 extension	87	FN1	12	0.058590836381245986
TNBC94 extension	87	HMOX1	12	0.12621483732757702
TNBC94 extension	87	LYZ	12	0.0891064808829594
TNBC94 extension	87	MARCO	12	0.14826687630436608
TNBC94 extension	87	MT2A	12	0.015656842309373753
TNBC94 extension	87	NUPR1	12	0.12885869605247585
TNBC94 extension	87	S100A8	12	0.04998715954758995
TNBC94 extension	87	SPP1	12	0.11747265958597654
TNBC94 extension	87	TIMP1	12	0.07684742570315567
TNBC94 extension	88	none	13	0.143296807508319
TNBC94 extension	88	CD36	12	0.13562434394074924
TNBC94 extension	88	CD52	12	0.14363308310667508
TNBC94 extension	88	FABP5	12	0.11415243498255584
TNBC94 extension	88	FBP1	12	0.14149937902265414
TNBC94 extension	88	FN1	12	0.09901387872683472
TNBC94 extension	88	HMOX1	12	0.12441337131015479
TNBC94 extension	88	LYZ	12	0.12586003896252085
TNBC94 extension	88	MARCO	12	0.143528425995776
TNBC94 extension	88	MT2A	12	0.1526282568868377
TNBC94 extension	88	NUPR1	12	0.18488840411282356
TNBC94 extension	88	S100A8	12	0.13008009745883795
TNBC94 extension	88	SPP1	12	0.14129963368185475
TNBC94 extension	88	TIMP1	12	0.11998387156696924
TNBC94 extension	89	none	13	0.02172337733535631
TNBC94 extension	89	CD36	12	0.017146199743677
TNBC94 extension	89	CD52	12	0.0033989684302430604
TNBC94 extension	89	FABP5	12	0.021151151960916124
TNBC94 extension	89	FBP1	12	0.004849290719189497
TNBC94 extension	89	FN1	12	0.013735439989077499
TNBC94 extension	89	HMOX1	12	0.0013307601147121931
TNBC94 extension	89	LYZ	12	0.021554688324859225
TNBC94 extension	89	MARCO	12	0.022941217986599413
TNBC94 extension	89	MT2A	12	0.03709340156515301
TNBC94 extension	89	NUPR1	12	0.053755310869918596
TNBC94 extension	89	S100A8	12	0.051763530701086365
TNBC94 extension	89	SPP1	12	0.016919962449852857
TNBC94 extension	89	TIMP1	12	-0.030663964496755427
TNBC94 extension	90	none	13	0.07824517600464764
TNBC94 extension	90	CD36	12	0.07512847010478528
TNBC94 extension	90	CD52	12	0.0313890792201039
TNBC94 extension	90	FABP5	12	0.10894564324194708
TNBC94 extension	90	FBP1	12	0.08625389652199622
TNBC94 extension	90	FN1	12	0.04325365938786989
TNBC94 extension	90	HMOX1	12	0.07851304147773054
TNBC94 extension	90	LYZ	12	0.0821640323771648
TNBC94 extension	90	MARCO	12	0.085358580038928
TNBC94 extension	90	MT2A	12	0.06939848960623564
TNBC94 extension	90	NUPR1	12	0.09485404817326332
TNBC94 extension	90	S100A8	12	0.1353174691268878
TNBC94 extension	90	SPP1	12	0.12448847147567373
TNBC94 extension	90	TIMP1	12	0.01725535865452304
TNBC94 extension	91	none	13	0.03836399605944768
TNBC94 extension	91	CD36	12	0.034294807272654854
TNBC94 extension	91	CD52	12	0.004694636389044801
TNBC94 extension	91	FABP5	12	0.035493655430237095
TNBC94 extension	91	FBP1	12	0.025050832938482932
TNBC94 extension	91	FN1	12	0.0025132664334728463
TNBC94 extension	91	HMOX1	12	0.02320647900456404
TNBC94 extension	91	LYZ	12	0.03671116534718005
TNBC94 extension	91	MARCO	12	0.02124723703961723
TNBC94 extension	91	MT2A	12	0.057885895689945704
TNBC94 extension	91	NUPR1	12	0.03210954444470683
TNBC94 extension	91	S100A8	12	0.021815134350188795
TNBC94 extension	91	SPP1	12	0.03976252514803091
TNBC94 extension	91	TIMP1	12	0.029815130762982874
TNBC94 extension	92	none	13	0.09146643009851986
TNBC94 extension	92	CD36	12	0.07915068349717398
TNBC94 extension	92	CD52	12	0.07896872023209431
TNBC94 extension	92	FABP5	12	0.09136976612443992
TNBC94 extension	92	FBP1	12	0.08791677339065872
TNBC94 extension	92	FN1	12	0.08950731568959418
TNBC94 extension	92	HMOX1	12	0.04976102176756339
TNBC94 extension	92	LYZ	12	0.06054694970325758
TNBC94 extension	92	MARCO	12	0.07945677316228597
TNBC94 extension	92	MT2A	12	0.11702579719740061
TNBC94 extension	92	NUPR1	12	0.11885501907516381
TNBC94 extension	92	S100A8	12	0.09801596861231249
TNBC94 extension	92	SPP1	12	0.07578357476918288
TNBC94 extension	92	TIMP1	12	0.1139591119910765
TNBC94 extension	93	none	13	0.03320248648249871
TNBC94 extension	93	CD36	12	0.030007773775766133
TNBC94 extension	93	CD52	12	0.03376665642740332
TNBC94 extension	93	FABP5	12	0.03967444611462892
TNBC94 extension	93	FBP1	12	0.04498706569004719
TNBC94 extension	93	FN1	12	0.0021833306012665026
TNBC94 extension	93	HMOX1	12	0.05803760780375559
TNBC94 extension	93	LYZ	12	0.02423384534227667
TNBC94 extension	93	MARCO	12	0.054748121198129274
TNBC94 extension	93	MT2A	12	0.03523225045739978
TNBC94 extension	93	NUPR1	12	0.06306496810427406
TNBC94 extension	93	S100A8	12	0.0613932752074095
TNBC94 extension	93	SPP1	12	0.09649169994642781
TNBC94 extension	93	TIMP1	12	-0.01103325026067417
TNBC94 extension	94	none	13	0.2527983134257472
TNBC94 extension	94	CD36	12	0.24772497036856578
TNBC94 extension	94	CD52	12	0.29287776096201257
TNBC94 extension	94	FABP5	12	0.2298251413775881
TNBC94 extension	94	FBP1	12	0.2697775902893641
TNBC94 extension	94	FN1	12	0.21922830110489966
TNBC94 extension	94	HMOX1	12	0.1922102737229393
TNBC94 extension	94	LYZ	12	0.25603212881995124
TNBC94 extension	94	MARCO	12	0.2398386553508678
TNBC94 extension	94	MT2A	12	0.24981192264382113
TNBC94 extension	94	NUPR1	12	0.2765528607351714
TNBC94 extension	94	S100A8	12	0.24369557355551955
TNBC94 extension	94	SPP1	12	0.2611445050649342
TNBC94 extension	94	TIMP1	12	0.23526067979169832
TNBC94 extension	95	none	13	0.27780300714651956
TNBC94 extension	95	CD36	12	0.28480458697558586
TNBC94 extension	95	CD52	12	0.25625367986362557
TNBC94 extension	95	FABP5	12	0.26760322549166704
TNBC94 extension	95	FBP1	12	0.2675284205241054
TNBC94 extension	95	FN1	12	0.21002172734548102
TNBC94 extension	95	HMOX1	12	0.23310434844552236
TNBC94 extension	95	LYZ	12	0.2792343125418123
TNBC94 extension	95	MARCO	12	0.2615693157810207
TNBC94 extension	95	MT2A	12	0.27629823528236475
TNBC94 extension	95	NUPR1	12	0.30211844192128273
TNBC94 extension	95	S100A8	12	0.26731968839422326
TNBC94 extension	95	SPP1	12	0.2556755655714961
TNBC94 extension	95	TIMP1	12	0.25022102095016996
TNBC94 extension	96	none	13	0.10434444997757159
TNBC94 extension	96	CD36	12	0.09476216381523349
TNBC94 extension	96	CD52	12	0.07907923157746308
TNBC94 extension	96	FABP5	12	0.10193444765015991
TNBC94 extension	96	FBP1	12	0.10422334518087012
TNBC94 extension	96	FN1	12	0.07180451487570322
TNBC94 extension	96	HMOX1	12	0.10687201445418254
TNBC94 extension	96	LYZ	12	0.1068591993135096
TNBC94 extension	96	MARCO	12	0.10217182941604365
TNBC94 extension	96	MT2A	12	0.1435209436260924
TNBC94 extension	96	NUPR1	12	0.13684556231011652
TNBC94 extension	96	S100A8	12	0.12287282234731245
TNBC94 extension	96	SPP1	12	0.10584956655727913
TNBC94 extension	96	TIMP1	12	0.057409867316018326
