patient	module	requested_genes	present_genes	coverage	genes_present
1	P4_primary	13	13	1	CD36;CD52;FABP5;FBP1;FN1;HMOX1;LYZ;MARCO;MT2A;NUPR1;S100A8;SPP1;TIMP1
1	P3_secondary	8	8	1	ACP5;CCL18;CXCL9;FN1;HMOX1;IFI27;LYZ;NUPR1
1	macrophage_identity	5	5	1	C1QA;C1QB;C1QC;CD68;MSR1
1	hypoxia	14	14	1	HIF1A;EGLN1;CA9;VEGFA;LDHA;PDK1;SLC2A1;BNIP3;NDRG1;ENO1;ALDOA;PGK1;HK2;PFKP
1	fibroblast_ecm	12	12	1	COL1A1;COL1A2;COL3A1;COL5A1;COL5A2;DCN;LUM;C7;CTHRC1;FAP;POSTN;THY1
1	endothelial_angiogenic	10	10	1	PECAM1;VWF;EMCN;KDR;ESAM;ENG;PLVAP;ACKR1;RGCC;CA4
1	malignant_epithelial	8	8	1	EPCAM;KRT8;KRT18;KRT19;KRT17;KRT5;KRT14;TACSTD2
1	cd8_cytotoxic	8	8	1	CD3D;CD3E;CD8A;CD8B;NKG7;GNLY;GZMB;PRF1
1	treg	5	5	1	FOXP3;IL2RA;CTLA4;TIGIT;IKZF2
1	tcell_exhaustion	7	7	1	PDCD1;HAVCR2;LAG3;TIGIT;CTLA4;TOX;ENTPD1
1	tcell_ifng_response	6	6	1	IFNG;CXCL9;CXCL10;STAT1;IRF1;GBP1
1	tcell_progenitor	6	6	1	TCF7;LEF1;IL7R;CCR7;LTB;SLAMF6
2	P4_primary	13	13	1	CD36;CD52;FABP5;FBP1;FN1;HMOX1;LYZ;MARCO;MT2A;NUPR1;S100A8;SPP1;TIMP1
2	P3_secondary	8	8	1	ACP5;CCL18;CXCL9;FN1;HMOX1;IFI27;LYZ;NUPR1
2	macrophage_identity	5	5	1	C1QA;C1QB;C1QC;CD68;MSR1
2	hypoxia	14	14	1	HIF1A;EGLN1;CA9;VEGFA;LDHA;PDK1;SLC2A1;BNIP3;NDRG1;ENO1;ALDOA;PGK1;HK2;PFKP
2	fibroblast_ecm	12	12	1	COL1A1;COL1A2;COL3A1;COL5A1;COL5A2;DCN;LUM;C7;CTHRC1;FAP;POSTN;THY1
2	endothelial_angiogenic	10	10	1	PECAM1;VWF;EMCN;KDR;ESAM;ENG;PLVAP;ACKR1;RGCC;CA4
2	malignant_epithelial	8	8	1	EPCAM;KRT8;KRT18;KRT19;KRT17;KRT5;KRT14;TACSTD2
2	cd8_cytotoxic	8	8	1	CD3D;CD3E;CD8A;CD8B;NKG7;GNLY;GZMB;PRF1
2	treg	5	5	1	FOXP3;IL2RA;CTLA4;TIGIT;IKZF2
2	tcell_exhaustion	7	7	1	PDCD1;HAVCR2;LAG3;TIGIT;CTLA4;TOX;ENTPD1
2	tcell_ifng_response	6	5	0.833333333333333	CXCL9;CXCL10;STAT1;IRF1;GBP1
2	tcell_progenitor	6	6	1	TCF7;LEF1;IL7R;CCR7;LTB;SLAMF6
3	P4_primary	13	13	1	CD36;CD52;FABP5;FBP1;FN1;HMOX1;LYZ;MARCO;MT2A;NUPR1;S100A8;SPP1;TIMP1
3	P3_secondary	8	8	1	ACP5;CCL18;CXCL9;FN1;HMOX1;IFI27;LYZ;NUPR1
3	macrophage_identity	5	5	1	C1QA;C1QB;C1QC;CD68;MSR1
3	hypoxia	14	14	1	HIF1A;EGLN1;CA9;VEGFA;LDHA;PDK1;SLC2A1;BNIP3;NDRG1;ENO1;ALDOA;PGK1;HK2;PFKP
3	fibroblast_ecm	12	11	0.916666666666667	COL1A1;COL1A2;COL3A1;COL5A1;COL5A2;DCN;LUM;CTHRC1;FAP;POSTN;THY1
3	endothelial_angiogenic	10	9	0.9	PECAM1;VWF;EMCN;KDR;ESAM;ENG;PLVAP;ACKR1;RGCC
3	malignant_epithelial	8	8	1	EPCAM;KRT8;KRT18;KRT19;KRT17;KRT5;KRT14;TACSTD2
3	cd8_cytotoxic	8	8	1	CD3D;CD3E;CD8A;CD8B;NKG7;GNLY;GZMB;PRF1
3	treg	5	5	1	FOXP3;IL2RA;CTLA4;TIGIT;IKZF2
3	tcell_exhaustion	7	7	1	PDCD1;HAVCR2;LAG3;TIGIT;CTLA4;TOX;ENTPD1
3	tcell_ifng_response	6	6	1	IFNG;CXCL9;CXCL10;STAT1;IRF1;GBP1
3	tcell_progenitor	6	6	1	TCF7;LEF1;IL7R;CCR7;LTB;SLAMF6
4	P4_primary	13	13	1	CD36;CD52;FABP5;FBP1;FN1;HMOX1;LYZ;MARCO;MT2A;NUPR1;S100A8;SPP1;TIMP1
4	P3_secondary	8	8	1	ACP5;CCL18;CXCL9;FN1;HMOX1;IFI27;LYZ;NUPR1
4	macrophage_identity	5	5	1	C1QA;C1QB;C1QC;CD68;MSR1
4	hypoxia	14	14	1	HIF1A;EGLN1;CA9;VEGFA;LDHA;PDK1;SLC2A1;BNIP3;NDRG1;ENO1;ALDOA;PGK1;HK2;PFKP
4	fibroblast_ecm	12	12	1	COL1A1;COL1A2;COL3A1;COL5A1;COL5A2;DCN;LUM;C7;CTHRC1;FAP;POSTN;THY1
4	endothelial_angiogenic	10	10	1	PECAM1;VWF;EMCN;KDR;ESAM;ENG;PLVAP;ACKR1;RGCC;CA4
4	malignant_epithelial	8	8	1	EPCAM;KRT8;KRT18;KRT19;KRT17;KRT5;KRT14;TACSTD2
4	cd8_cytotoxic	8	8	1	CD3D;CD3E;CD8A;CD8B;NKG7;GNLY;GZMB;PRF1
4	treg	5	5	1	FOXP3;IL2RA;CTLA4;TIGIT;IKZF2
4	tcell_exhaustion	7	7	1	PDCD1;HAVCR2;LAG3;TIGIT;CTLA4;TOX;ENTPD1
4	tcell_ifng_response	6	6	1	IFNG;CXCL9;CXCL10;STAT1;IRF1;GBP1
4	tcell_progenitor	6	6	1	TCF7;LEF1;IL7R;CCR7;LTB;SLAMF6
5	P4_primary	13	13	1	CD36;CD52;FABP5;FBP1;FN1;HMOX1;LYZ;MARCO;MT2A;NUPR1;S100A8;SPP1;TIMP1
5	P3_secondary	8	8	1	ACP5;CCL18;CXCL9;FN1;HMOX1;IFI27;LYZ;NUPR1
5	macrophage_identity	5	5	1	C1QA;C1QB;C1QC;CD68;MSR1
5	hypoxia	14	14	1	HIF1A;EGLN1;CA9;VEGFA;LDHA;PDK1;SLC2A1;BNIP3;NDRG1;ENO1;ALDOA;PGK1;HK2;PFKP
5	fibroblast_ecm	12	12	1	COL1A1;COL1A2;COL3A1;COL5A1;COL5A2;DCN;LUM;C7;CTHRC1;FAP;POSTN;THY1
5	endothelial_angiogenic	10	10	1	PECAM1;VWF;EMCN;KDR;ESAM;ENG;PLVAP;ACKR1;RGCC;CA4
5	malignant_epithelial	8	8	1	EPCAM;KRT8;KRT18;KRT19;KRT17;KRT5;KRT14;TACSTD2
5	cd8_cytotoxic	8	8	1	CD3D;CD3E;CD8A;CD8B;NKG7;GNLY;GZMB;PRF1
5	treg	5	5	1	FOXP3;IL2RA;CTLA4;TIGIT;IKZF2
5	tcell_exhaustion	7	7	1	PDCD1;HAVCR2;LAG3;TIGIT;CTLA4;TOX;ENTPD1
5	tcell_ifng_response	6	6	1	IFNG;CXCL9;CXCL10;STAT1;IRF1;GBP1
5	tcell_progenitor	6	6	1	TCF7;LEF1;IL7R;CCR7;LTB;SLAMF6
6	P4_primary	13	13	1	CD36;CD52;FABP5;FBP1;FN1;HMOX1;LYZ;MARCO;MT2A;NUPR1;S100A8;SPP1;TIMP1
6	P3_secondary	8	8	1	ACP5;CCL18;CXCL9;FN1;HMOX1;IFI27;LYZ;NUPR1
6	macrophage_identity	5	5	1	C1QA;C1QB;C1QC;CD68;MSR1
6	hypoxia	14	14	1	HIF1A;EGLN1;CA9;VEGFA;LDHA;PDK1;SLC2A1;BNIP3;NDRG1;ENO1;ALDOA;PGK1;HK2;PFKP
6	fibroblast_ecm	12	12	1	COL1A1;COL1A2;COL3A1;COL5A1;COL5A2;DCN;LUM;C7;CTHRC1;FAP;POSTN;THY1
6	endothelial_angiogenic	10	10	1	PECAM1;VWF;EMCN;KDR;ESAM;ENG;PLVAP;ACKR1;RGCC;CA4
6	malignant_epithelial	8	8	1	EPCAM;KRT8;KRT18;KRT19;KRT17;KRT5;KRT14;TACSTD2
6	cd8_cytotoxic	8	8	1	CD3D;CD3E;CD8A;CD8B;NKG7;GNLY;GZMB;PRF1
6	treg	5	5	1	FOXP3;IL2RA;CTLA4;TIGIT;IKZF2
6	tcell_exhaustion	7	7	1	PDCD1;HAVCR2;LAG3;TIGIT;CTLA4;TOX;ENTPD1
6	tcell_ifng_response	6	6	1	IFNG;CXCL9;CXCL10;STAT1;IRF1;GBP1
6	tcell_progenitor	6	6	1	TCF7;LEF1;IL7R;CCR7;LTB;SLAMF6
7	P4_primary	13	13	1	CD36;CD52;FABP5;FBP1;FN1;HMOX1;LYZ;MARCO;MT2A;NUPR1;S100A8;SPP1;TIMP1
7	P3_secondary	8	8	1	ACP5;CCL18;CXCL9;FN1;HMOX1;IFI27;LYZ;NUPR1
7	macrophage_identity	5	5	1	C1QA;C1QB;C1QC;CD68;MSR1
7	hypoxia	14	14	1	HIF1A;EGLN1;CA9;VEGFA;LDHA;PDK1;SLC2A1;BNIP3;NDRG1;ENO1;ALDOA;PGK1;HK2;PFKP
7	fibroblast_ecm	12	12	1	COL1A1;COL1A2;COL3A1;COL5A1;COL5A2;DCN;LUM;C7;CTHRC1;FAP;POSTN;THY1
7	endothelial_angiogenic	10	10	1	PECAM1;VWF;EMCN;KDR;ESAM;ENG;PLVAP;ACKR1;RGCC;CA4
7	malignant_epithelial	8	8	1	EPCAM;KRT8;KRT18;KRT19;KRT17;KRT5;KRT14;TACSTD2
7	cd8_cytotoxic	8	8	1	CD3D;CD3E;CD8A;CD8B;NKG7;GNLY;GZMB;PRF1
7	treg	5	5	1	FOXP3;IL2RA;CTLA4;TIGIT;IKZF2
7	tcell_exhaustion	7	7	1	PDCD1;HAVCR2;LAG3;TIGIT;CTLA4;TOX;ENTPD1
7	tcell_ifng_response	6	6	1	IFNG;CXCL9;CXCL10;STAT1;IRF1;GBP1
7	tcell_progenitor	6	6	1	TCF7;LEF1;IL7R;CCR7;LTB;SLAMF6
8	P4_primary	13	13	1	CD36;CD52;FABP5;FBP1;FN1;HMOX1;LYZ;MARCO;MT2A;NUPR1;S100A8;SPP1;TIMP1
8	P3_secondary	8	8	1	ACP5;CCL18;CXCL9;FN1;HMOX1;IFI27;LYZ;NUPR1
8	macrophage_identity	5	5	1	C1QA;C1QB;C1QC;CD68;MSR1
8	hypoxia	14	14	1	HIF1A;EGLN1;CA9;VEGFA;LDHA;PDK1;SLC2A1;BNIP3;NDRG1;ENO1;ALDOA;PGK1;HK2;PFKP
8	fibroblast_ecm	12	12	1	COL1A1;COL1A2;COL3A1;COL5A1;COL5A2;DCN;LUM;C7;CTHRC1;FAP;POSTN;THY1
8	endothelial_angiogenic	10	9	0.9	PECAM1;VWF;EMCN;KDR;ESAM;ENG;PLVAP;ACKR1;RGCC
8	malignant_epithelial	8	8	1	EPCAM;KRT8;KRT18;KRT19;KRT17;KRT5;KRT14;TACSTD2
8	cd8_cytotoxic	8	8	1	CD3D;CD3E;CD8A;CD8B;NKG7;GNLY;GZMB;PRF1
8	treg	5	5	1	FOXP3;IL2RA;CTLA4;TIGIT;IKZF2
8	tcell_exhaustion	7	6	0.857142857142857	HAVCR2;LAG3;TIGIT;CTLA4;TOX;ENTPD1
8	tcell_ifng_response	6	6	1	IFNG;CXCL9;CXCL10;STAT1;IRF1;GBP1
8	tcell_progenitor	6	6	1	TCF7;LEF1;IL7R;CCR7;LTB;SLAMF6
9	P4_primary	13	13	1	CD36;CD52;FABP5;FBP1;FN1;HMOX1;LYZ;MARCO;MT2A;NUPR1;S100A8;SPP1;TIMP1
9	P3_secondary	8	8	1	ACP5;CCL18;CXCL9;FN1;HMOX1;IFI27;LYZ;NUPR1
9	macrophage_identity	5	5	1	C1QA;C1QB;C1QC;CD68;MSR1
9	hypoxia	14	14	1	HIF1A;EGLN1;CA9;VEGFA;LDHA;PDK1;SLC2A1;BNIP3;NDRG1;ENO1;ALDOA;PGK1;HK2;PFKP
9	fibroblast_ecm	12	12	1	COL1A1;COL1A2;COL3A1;COL5A1;COL5A2;DCN;LUM;C7;CTHRC1;FAP;POSTN;THY1
9	endothelial_angiogenic	10	10	1	PECAM1;VWF;EMCN;KDR;ESAM;ENG;PLVAP;ACKR1;RGCC;CA4
9	malignant_epithelial	8	8	1	EPCAM;KRT8;KRT18;KRT19;KRT17;KRT5;KRT14;TACSTD2
9	cd8_cytotoxic	8	8	1	CD3D;CD3E;CD8A;CD8B;NKG7;GNLY;GZMB;PRF1
9	treg	5	5	1	FOXP3;IL2RA;CTLA4;TIGIT;IKZF2
9	tcell_exhaustion	7	7	1	PDCD1;HAVCR2;LAG3;TIGIT;CTLA4;TOX;ENTPD1
9	tcell_ifng_response	6	5	0.833333333333333	CXCL9;CXCL10;STAT1;IRF1;GBP1
9	tcell_progenitor	6	6	1	TCF7;LEF1;IL7R;CCR7;LTB;SLAMF6
10	P4_primary	13	13	1	CD36;CD52;FABP5;FBP1;FN1;HMOX1;LYZ;MARCO;MT2A;NUPR1;S100A8;SPP1;TIMP1
10	P3_secondary	8	8	1	ACP5;CCL18;CXCL9;FN1;HMOX1;IFI27;LYZ;NUPR1
10	macrophage_identity	5	5	1	C1QA;C1QB;C1QC;CD68;MSR1
10	hypoxia	14	14	1	HIF1A;EGLN1;CA9;VEGFA;LDHA;PDK1;SLC2A1;BNIP3;NDRG1;ENO1;ALDOA;PGK1;HK2;PFKP
10	fibroblast_ecm	12	12	1	COL1A1;COL1A2;COL3A1;COL5A1;COL5A2;DCN;LUM;C7;CTHRC1;FAP;POSTN;THY1
10	endothelial_angiogenic	10	10	1	PECAM1;VWF;EMCN;KDR;ESAM;ENG;PLVAP;ACKR1;RGCC;CA4
10	malignant_epithelial	8	8	1	EPCAM;KRT8;KRT18;KRT19;KRT17;KRT5;KRT14;TACSTD2
10	cd8_cytotoxic	8	8	1	CD3D;CD3E;CD8A;CD8B;NKG7;GNLY;GZMB;PRF1
10	treg	5	5	1	FOXP3;IL2RA;CTLA4;TIGIT;IKZF2
10	tcell_exhaustion	7	7	1	PDCD1;HAVCR2;LAG3;TIGIT;CTLA4;TOX;ENTPD1
10	tcell_ifng_response	6	6	1	IFNG;CXCL9;CXCL10;STAT1;IRF1;GBP1
10	tcell_progenitor	6	6	1	TCF7;LEF1;IL7R;CCR7;LTB;SLAMF6
11	P4_primary	13	13	1	CD36;CD52;FABP5;FBP1;FN1;HMOX1;LYZ;MARCO;MT2A;NUPR1;S100A8;SPP1;TIMP1
11	P3_secondary	8	8	1	ACP5;CCL18;CXCL9;FN1;HMOX1;IFI27;LYZ;NUPR1
11	macrophage_identity	5	5	1	C1QA;C1QB;C1QC;CD68;MSR1
11	hypoxia	14	14	1	HIF1A;EGLN1;CA9;VEGFA;LDHA;PDK1;SLC2A1;BNIP3;NDRG1;ENO1;ALDOA;PGK1;HK2;PFKP
11	fibroblast_ecm	12	12	1	COL1A1;COL1A2;COL3A1;COL5A1;COL5A2;DCN;LUM;C7;CTHRC1;FAP;POSTN;THY1
11	endothelial_angiogenic	10	10	1	PECAM1;VWF;EMCN;KDR;ESAM;ENG;PLVAP;ACKR1;RGCC;CA4
11	malignant_epithelial	8	8	1	EPCAM;KRT8;KRT18;KRT19;KRT17;KRT5;KRT14;TACSTD2
11	cd8_cytotoxic	8	8	1	CD3D;CD3E;CD8A;CD8B;NKG7;GNLY;GZMB;PRF1
11	treg	5	5	1	FOXP3;IL2RA;CTLA4;TIGIT;IKZF2
11	tcell_exhaustion	7	7	1	PDCD1;HAVCR2;LAG3;TIGIT;CTLA4;TOX;ENTPD1
11	tcell_ifng_response	6	5	0.833333333333333	CXCL9;CXCL10;STAT1;IRF1;GBP1
11	tcell_progenitor	6	6	1	TCF7;LEF1;IL7R;CCR7;LTB;SLAMF6
12	P4_primary	13	13	1	CD36;CD52;FABP5;FBP1;FN1;HMOX1;LYZ;MARCO;MT2A;NUPR1;S100A8;SPP1;TIMP1
12	P3_secondary	8	8	1	ACP5;CCL18;CXCL9;FN1;HMOX1;IFI27;LYZ;NUPR1
12	macrophage_identity	5	5	1	C1QA;C1QB;C1QC;CD68;MSR1
12	hypoxia	14	14	1	HIF1A;EGLN1;CA9;VEGFA;LDHA;PDK1;SLC2A1;BNIP3;NDRG1;ENO1;ALDOA;PGK1;HK2;PFKP
12	fibroblast_ecm	12	12	1	COL1A1;COL1A2;COL3A1;COL5A1;COL5A2;DCN;LUM;C7;CTHRC1;FAP;POSTN;THY1
12	endothelial_angiogenic	10	10	1	PECAM1;VWF;EMCN;KDR;ESAM;ENG;PLVAP;ACKR1;RGCC;CA4
12	malignant_epithelial	8	8	1	EPCAM;KRT8;KRT18;KRT19;KRT17;KRT5;KRT14;TACSTD2
12	cd8_cytotoxic	8	8	1	CD3D;CD3E;CD8A;CD8B;NKG7;GNLY;GZMB;PRF1
12	treg	5	5	1	FOXP3;IL2RA;CTLA4;TIGIT;IKZF2
12	tcell_exhaustion	7	7	1	PDCD1;HAVCR2;LAG3;TIGIT;CTLA4;TOX;ENTPD1
12	tcell_ifng_response	6	6	1	IFNG;CXCL9;CXCL10;STAT1;IRF1;GBP1
12	tcell_progenitor	6	6	1	TCF7;LEF1;IL7R;CCR7;LTB;SLAMF6
13	P4_primary	13	13	1	CD36;CD52;FABP5;FBP1;FN1;HMOX1;LYZ;MARCO;MT2A;NUPR1;S100A8;SPP1;TIMP1
13	P3_secondary	8	8	1	ACP5;CCL18;CXCL9;FN1;HMOX1;IFI27;LYZ;NUPR1
13	macrophage_identity	5	5	1	C1QA;C1QB;C1QC;CD68;MSR1
13	hypoxia	14	13	0.928571428571429	HIF1A;EGLN1;VEGFA;LDHA;PDK1;SLC2A1;BNIP3;NDRG1;ENO1;ALDOA;PGK1;HK2;PFKP
13	fibroblast_ecm	12	12	1	COL1A1;COL1A2;COL3A1;COL5A1;COL5A2;DCN;LUM;C7;CTHRC1;FAP;POSTN;THY1
13	endothelial_angiogenic	10	10	1	PECAM1;VWF;EMCN;KDR;ESAM;ENG;PLVAP;ACKR1;RGCC;CA4
13	malignant_epithelial	8	8	1	EPCAM;KRT8;KRT18;KRT19;KRT17;KRT5;KRT14;TACSTD2
13	cd8_cytotoxic	8	8	1	CD3D;CD3E;CD8A;CD8B;NKG7;GNLY;GZMB;PRF1
13	treg	5	5	1	FOXP3;IL2RA;CTLA4;TIGIT;IKZF2
13	tcell_exhaustion	7	7	1	PDCD1;HAVCR2;LAG3;TIGIT;CTLA4;TOX;ENTPD1
13	tcell_ifng_response	6	6	1	IFNG;CXCL9;CXCL10;STAT1;IRF1;GBP1
13	tcell_progenitor	6	6	1	TCF7;LEF1;IL7R;CCR7;LTB;SLAMF6
14	P4_primary	13	13	1	CD36;CD52;FABP5;FBP1;FN1;HMOX1;LYZ;MARCO;MT2A;NUPR1;S100A8;SPP1;TIMP1
14	P3_secondary	8	8	1	ACP5;CCL18;CXCL9;FN1;HMOX1;IFI27;LYZ;NUPR1
14	macrophage_identity	5	5	1	C1QA;C1QB;C1QC;CD68;MSR1
14	hypoxia	14	13	0.928571428571429	HIF1A;EGLN1;VEGFA;LDHA;PDK1;SLC2A1;BNIP3;NDRG1;ENO1;ALDOA;PGK1;HK2;PFKP
14	fibroblast_ecm	12	12	1	COL1A1;COL1A2;COL3A1;COL5A1;COL5A2;DCN;LUM;C7;CTHRC1;FAP;POSTN;THY1
14	endothelial_angiogenic	10	10	1	PECAM1;VWF;EMCN;KDR;ESAM;ENG;PLVAP;ACKR1;RGCC;CA4
14	malignant_epithelial	8	8	1	EPCAM;KRT8;KRT18;KRT19;KRT17;KRT5;KRT14;TACSTD2
14	cd8_cytotoxic	8	8	1	CD3D;CD3E;CD8A;CD8B;NKG7;GNLY;GZMB;PRF1
14	treg	5	5	1	FOXP3;IL2RA;CTLA4;TIGIT;IKZF2
14	tcell_exhaustion	7	7	1	PDCD1;HAVCR2;LAG3;TIGIT;CTLA4;TOX;ENTPD1
14	tcell_ifng_response	6	6	1	IFNG;CXCL9;CXCL10;STAT1;IRF1;GBP1
14	tcell_progenitor	6	6	1	TCF7;LEF1;IL7R;CCR7;LTB;SLAMF6
15	P4_primary	13	13	1	CD36;CD52;FABP5;FBP1;FN1;HMOX1;LYZ;MARCO;MT2A;NUPR1;S100A8;SPP1;TIMP1
15	P3_secondary	8	8	1	ACP5;CCL18;CXCL9;FN1;HMOX1;IFI27;LYZ;NUPR1
15	macrophage_identity	5	5	1	C1QA;C1QB;C1QC;CD68;MSR1
15	hypoxia	14	14	1	HIF1A;EGLN1;CA9;VEGFA;LDHA;PDK1;SLC2A1;BNIP3;NDRG1;ENO1;ALDOA;PGK1;HK2;PFKP
15	fibroblast_ecm	12	12	1	COL1A1;COL1A2;COL3A1;COL5A1;COL5A2;DCN;LUM;C7;CTHRC1;FAP;POSTN;THY1
15	endothelial_angiogenic	10	10	1	PECAM1;VWF;EMCN;KDR;ESAM;ENG;PLVAP;ACKR1;RGCC;CA4
15	malignant_epithelial	8	8	1	EPCAM;KRT8;KRT18;KRT19;KRT17;KRT5;KRT14;TACSTD2
15	cd8_cytotoxic	8	8	1	CD3D;CD3E;CD8A;CD8B;NKG7;GNLY;GZMB;PRF1
15	treg	5	5	1	FOXP3;IL2RA;CTLA4;TIGIT;IKZF2
15	tcell_exhaustion	7	7	1	PDCD1;HAVCR2;LAG3;TIGIT;CTLA4;TOX;ENTPD1
15	tcell_ifng_response	6	6	1	IFNG;CXCL9;CXCL10;STAT1;IRF1;GBP1
15	tcell_progenitor	6	6	1	TCF7;LEF1;IL7R;CCR7;LTB;SLAMF6
16	P4_primary	13	13	1	CD36;CD52;FABP5;FBP1;FN1;HMOX1;LYZ;MARCO;MT2A;NUPR1;S100A8;SPP1;TIMP1
16	P3_secondary	8	8	1	ACP5;CCL18;CXCL9;FN1;HMOX1;IFI27;LYZ;NUPR1
16	macrophage_identity	5	5	1	C1QA;C1QB;C1QC;CD68;MSR1
16	hypoxia	14	14	1	HIF1A;EGLN1;CA9;VEGFA;LDHA;PDK1;SLC2A1;BNIP3;NDRG1;ENO1;ALDOA;PGK1;HK2;PFKP
16	fibroblast_ecm	12	12	1	COL1A1;COL1A2;COL3A1;COL5A1;COL5A2;DCN;LUM;C7;CTHRC1;FAP;POSTN;THY1
16	endothelial_angiogenic	10	10	1	PECAM1;VWF;EMCN;KDR;ESAM;ENG;PLVAP;ACKR1;RGCC;CA4
16	malignant_epithelial	8	8	1	EPCAM;KRT8;KRT18;KRT19;KRT17;KRT5;KRT14;TACSTD2
16	cd8_cytotoxic	8	8	1	CD3D;CD3E;CD8A;CD8B;NKG7;GNLY;GZMB;PRF1
16	treg	5	5	1	FOXP3;IL2RA;CTLA4;TIGIT;IKZF2
16	tcell_exhaustion	7	7	1	PDCD1;HAVCR2;LAG3;TIGIT;CTLA4;TOX;ENTPD1
16	tcell_ifng_response	6	6	1	IFNG;CXCL9;CXCL10;STAT1;IRF1;GBP1
16	tcell_progenitor	6	6	1	TCF7;LEF1;IL7R;CCR7;LTB;SLAMF6
19	P4_primary	13	13	1	CD36;CD52;FABP5;FBP1;FN1;HMOX1;LYZ;MARCO;MT2A;NUPR1;S100A8;SPP1;TIMP1
19	P3_secondary	8	8	1	ACP5;CCL18;CXCL9;FN1;HMOX1;IFI27;LYZ;NUPR1
19	macrophage_identity	5	5	1	C1QA;C1QB;C1QC;CD68;MSR1
19	hypoxia	14	14	1	HIF1A;EGLN1;CA9;VEGFA;LDHA;PDK1;SLC2A1;BNIP3;NDRG1;ENO1;ALDOA;PGK1;HK2;PFKP
19	fibroblast_ecm	12	12	1	COL1A1;COL1A2;COL3A1;COL5A1;COL5A2;DCN;LUM;C7;CTHRC1;FAP;POSTN;THY1
19	endothelial_angiogenic	10	10	1	PECAM1;VWF;EMCN;KDR;ESAM;ENG;PLVAP;ACKR1;RGCC;CA4
19	malignant_epithelial	8	8	1	EPCAM;KRT8;KRT18;KRT19;KRT17;KRT5;KRT14;TACSTD2
19	cd8_cytotoxic	8	8	1	CD3D;CD3E;CD8A;CD8B;NKG7;GNLY;GZMB;PRF1
19	treg	5	5	1	FOXP3;IL2RA;CTLA4;TIGIT;IKZF2
19	tcell_exhaustion	7	7	1	PDCD1;HAVCR2;LAG3;TIGIT;CTLA4;TOX;ENTPD1
19	tcell_ifng_response	6	6	1	IFNG;CXCL9;CXCL10;STAT1;IRF1;GBP1
19	tcell_progenitor	6	6	1	TCF7;LEF1;IL7R;CCR7;LTB;SLAMF6
20	P4_primary	13	13	1	CD36;CD52;FABP5;FBP1;FN1;HMOX1;LYZ;MARCO;MT2A;NUPR1;S100A8;SPP1;TIMP1
20	P3_secondary	8	8	1	ACP5;CCL18;CXCL9;FN1;HMOX1;IFI27;LYZ;NUPR1
20	macrophage_identity	5	5	1	C1QA;C1QB;C1QC;CD68;MSR1
20	hypoxia	14	14	1	HIF1A;EGLN1;CA9;VEGFA;LDHA;PDK1;SLC2A1;BNIP3;NDRG1;ENO1;ALDOA;PGK1;HK2;PFKP
20	fibroblast_ecm	12	12	1	COL1A1;COL1A2;COL3A1;COL5A1;COL5A2;DCN;LUM;C7;CTHRC1;FAP;POSTN;THY1
20	endothelial_angiogenic	10	9	0.9	PECAM1;VWF;EMCN;KDR;ESAM;ENG;PLVAP;ACKR1;RGCC
20	malignant_epithelial	8	8	1	EPCAM;KRT8;KRT18;KRT19;KRT17;KRT5;KRT14;TACSTD2
20	cd8_cytotoxic	8	8	1	CD3D;CD3E;CD8A;CD8B;NKG7;GNLY;GZMB;PRF1
20	treg	5	5	1	FOXP3;IL2RA;CTLA4;TIGIT;IKZF2
20	tcell_exhaustion	7	7	1	PDCD1;HAVCR2;LAG3;TIGIT;CTLA4;TOX;ENTPD1
20	tcell_ifng_response	6	6	1	IFNG;CXCL9;CXCL10;STAT1;IRF1;GBP1
20	tcell_progenitor	6	6	1	TCF7;LEF1;IL7R;CCR7;LTB;SLAMF6
21	P4_primary	13	13	1	CD36;CD52;FABP5;FBP1;FN1;HMOX1;LYZ;MARCO;MT2A;NUPR1;S100A8;SPP1;TIMP1
21	P3_secondary	8	8	1	ACP5;CCL18;CXCL9;FN1;HMOX1;IFI27;LYZ;NUPR1
21	macrophage_identity	5	5	1	C1QA;C1QB;C1QC;CD68;MSR1
21	hypoxia	14	14	1	HIF1A;EGLN1;CA9;VEGFA;LDHA;PDK1;SLC2A1;BNIP3;NDRG1;ENO1;ALDOA;PGK1;HK2;PFKP
21	fibroblast_ecm	12	12	1	COL1A1;COL1A2;COL3A1;COL5A1;COL5A2;DCN;LUM;C7;CTHRC1;FAP;POSTN;THY1
21	endothelial_angiogenic	10	9	0.9	PECAM1;VWF;EMCN;KDR;ESAM;ENG;PLVAP;RGCC;CA4
21	malignant_epithelial	8	8	1	EPCAM;KRT8;KRT18;KRT19;KRT17;KRT5;KRT14;TACSTD2
21	cd8_cytotoxic	8	8	1	CD3D;CD3E;CD8A;CD8B;NKG7;GNLY;GZMB;PRF1
21	treg	5	5	1	FOXP3;IL2RA;CTLA4;TIGIT;IKZF2
21	tcell_exhaustion	7	7	1	PDCD1;HAVCR2;LAG3;TIGIT;CTLA4;TOX;ENTPD1
21	tcell_ifng_response	6	6	1	IFNG;CXCL9;CXCL10;STAT1;IRF1;GBP1
21	tcell_progenitor	6	6	1	TCF7;LEF1;IL7R;CCR7;LTB;SLAMF6
22	P4_primary	13	13	1	CD36;CD52;FABP5;FBP1;FN1;HMOX1;LYZ;MARCO;MT2A;NUPR1;S100A8;SPP1;TIMP1
22	P3_secondary	8	8	1	ACP5;CCL18;CXCL9;FN1;HMOX1;IFI27;LYZ;NUPR1
22	macrophage_identity	5	5	1	C1QA;C1QB;C1QC;CD68;MSR1
22	hypoxia	14	14	1	HIF1A;EGLN1;CA9;VEGFA;LDHA;PDK1;SLC2A1;BNIP3;NDRG1;ENO1;ALDOA;PGK1;HK2;PFKP
22	fibroblast_ecm	12	12	1	COL1A1;COL1A2;COL3A1;COL5A1;COL5A2;DCN;LUM;C7;CTHRC1;FAP;POSTN;THY1
22	endothelial_angiogenic	10	10	1	PECAM1;VWF;EMCN;KDR;ESAM;ENG;PLVAP;ACKR1;RGCC;CA4
22	malignant_epithelial	8	8	1	EPCAM;KRT8;KRT18;KRT19;KRT17;KRT5;KRT14;TACSTD2
22	cd8_cytotoxic	8	8	1	CD3D;CD3E;CD8A;CD8B;NKG7;GNLY;GZMB;PRF1
22	treg	5	5	1	FOXP3;IL2RA;CTLA4;TIGIT;IKZF2
22	tcell_exhaustion	7	7	1	PDCD1;HAVCR2;LAG3;TIGIT;CTLA4;TOX;ENTPD1
22	tcell_ifng_response	6	5	0.833333333333333	CXCL9;CXCL10;STAT1;IRF1;GBP1
22	tcell_progenitor	6	6	1	TCF7;LEF1;IL7R;CCR7;LTB;SLAMF6
23	P4_primary	13	13	1	CD36;CD52;FABP5;FBP1;FN1;HMOX1;LYZ;MARCO;MT2A;NUPR1;S100A8;SPP1;TIMP1
23	P3_secondary	8	8	1	ACP5;CCL18;CXCL9;FN1;HMOX1;IFI27;LYZ;NUPR1
23	macrophage_identity	5	5	1	C1QA;C1QB;C1QC;CD68;MSR1
23	hypoxia	14	14	1	HIF1A;EGLN1;CA9;VEGFA;LDHA;PDK1;SLC2A1;BNIP3;NDRG1;ENO1;ALDOA;PGK1;HK2;PFKP
23	fibroblast_ecm	12	12	1	COL1A1;COL1A2;COL3A1;COL5A1;COL5A2;DCN;LUM;C7;CTHRC1;FAP;POSTN;THY1
23	endothelial_angiogenic	10	9	0.9	PECAM1;VWF;EMCN;KDR;ESAM;ENG;PLVAP;ACKR1;RGCC
23	malignant_epithelial	8	8	1	EPCAM;KRT8;KRT18;KRT19;KRT17;KRT5;KRT14;TACSTD2
23	cd8_cytotoxic	8	8	1	CD3D;CD3E;CD8A;CD8B;NKG7;GNLY;GZMB;PRF1
23	treg	5	5	1	FOXP3;IL2RA;CTLA4;TIGIT;IKZF2
23	tcell_exhaustion	7	7	1	PDCD1;HAVCR2;LAG3;TIGIT;CTLA4;TOX;ENTPD1
23	tcell_ifng_response	6	6	1	IFNG;CXCL9;CXCL10;STAT1;IRF1;GBP1
23	tcell_progenitor	6	6	1	TCF7;LEF1;IL7R;CCR7;LTB;SLAMF6
24	P4_primary	13	13	1	CD36;CD52;FABP5;FBP1;FN1;HMOX1;LYZ;MARCO;MT2A;NUPR1;S100A8;SPP1;TIMP1
24	P3_secondary	8	8	1	ACP5;CCL18;CXCL9;FN1;HMOX1;IFI27;LYZ;NUPR1
24	macrophage_identity	5	5	1	C1QA;C1QB;C1QC;CD68;MSR1
24	hypoxia	14	14	1	HIF1A;EGLN1;CA9;VEGFA;LDHA;PDK1;SLC2A1;BNIP3;NDRG1;ENO1;ALDOA;PGK1;HK2;PFKP
24	fibroblast_ecm	12	11	0.916666666666667	COL1A1;COL1A2;COL3A1;COL5A1;COL5A2;DCN;LUM;CTHRC1;FAP;POSTN;THY1
24	endothelial_angiogenic	10	9	0.9	PECAM1;VWF;EMCN;KDR;ESAM;ENG;PLVAP;RGCC;CA4
24	malignant_epithelial	8	8	1	EPCAM;KRT8;KRT18;KRT19;KRT17;KRT5;KRT14;TACSTD2
24	cd8_cytotoxic	8	8	1	CD3D;CD3E;CD8A;CD8B;NKG7;GNLY;GZMB;PRF1
24	treg	5	4	0.8	FOXP3;IL2RA;CTLA4;IKZF2
24	tcell_exhaustion	7	6	0.857142857142857	PDCD1;HAVCR2;LAG3;CTLA4;TOX;ENTPD1
24	tcell_ifng_response	6	5	0.833333333333333	CXCL9;CXCL10;STAT1;IRF1;GBP1
24	tcell_progenitor	6	6	1	TCF7;LEF1;IL7R;CCR7;LTB;SLAMF6
93	P4_primary	13	13	1	CD36;CD52;FABP5;FBP1;FN1;HMOX1;LYZ;MARCO;MT2A;NUPR1;S100A8;SPP1;TIMP1
93	P3_secondary	8	8	1	ACP5;CCL18;CXCL9;FN1;HMOX1;IFI27;LYZ;NUPR1
93	macrophage_identity	5	5	1	C1QA;C1QB;C1QC;CD68;MSR1
93	hypoxia	14	14	1	HIF1A;EGLN1;CA9;VEGFA;LDHA;PDK1;SLC2A1;BNIP3;NDRG1;ENO1;ALDOA;PGK1;HK2;PFKP
93	fibroblast_ecm	12	12	1	COL1A1;COL1A2;COL3A1;COL5A1;COL5A2;DCN;LUM;C7;CTHRC1;FAP;POSTN;THY1
93	endothelial_angiogenic	10	9	0.9	PECAM1;VWF;EMCN;KDR;ESAM;ENG;PLVAP;ACKR1;RGCC
93	malignant_epithelial	8	8	1	EPCAM;KRT8;KRT18;KRT19;KRT17;KRT5;KRT14;TACSTD2
93	cd8_cytotoxic	8	8	1	CD3D;CD3E;CD8A;CD8B;NKG7;GNLY;GZMB;PRF1
93	treg	5	5	1	FOXP3;IL2RA;CTLA4;TIGIT;IKZF2
93	tcell_exhaustion	7	7	1	PDCD1;HAVCR2;LAG3;TIGIT;CTLA4;TOX;ENTPD1
93	tcell_ifng_response	6	6	1	IFNG;CXCL9;CXCL10;STAT1;IRF1;GBP1
93	tcell_progenitor	6	6	1	TCF7;LEF1;IL7R;CCR7;LTB;SLAMF6
25	P4_primary	13	13	1	CD36;CD52;FABP5;FBP1;FN1;HMOX1;LYZ;MARCO;MT2A;NUPR1;S100A8;SPP1;TIMP1
25	P3_secondary	8	8	1	ACP5;CCL18;CXCL9;FN1;HMOX1;IFI27;LYZ;NUPR1
25	macrophage_identity	5	5	1	C1QA;C1QB;C1QC;CD68;MSR1
25	hypoxia	14	14	1	HIF1A;EGLN1;CA9;VEGFA;LDHA;PDK1;SLC2A1;BNIP3;NDRG1;ENO1;ALDOA;PGK1;HK2;PFKP
25	fibroblast_ecm	12	12	1	COL1A1;COL1A2;COL3A1;COL5A1;COL5A2;DCN;LUM;C7;CTHRC1;FAP;POSTN;THY1
25	endothelial_angiogenic	10	9	0.9	PECAM1;VWF;EMCN;KDR;ESAM;ENG;PLVAP;ACKR1;RGCC
25	malignant_epithelial	8	8	1	EPCAM;KRT8;KRT18;KRT19;KRT17;KRT5;KRT14;TACSTD2
25	cd8_cytotoxic	8	8	1	CD3D;CD3E;CD8A;CD8B;NKG7;GNLY;GZMB;PRF1
25	treg	5	5	1	FOXP3;IL2RA;CTLA4;TIGIT;IKZF2
25	tcell_exhaustion	7	7	1	PDCD1;HAVCR2;LAG3;TIGIT;CTLA4;TOX;ENTPD1
25	tcell_ifng_response	6	6	1	IFNG;CXCL9;CXCL10;STAT1;IRF1;GBP1
25	tcell_progenitor	6	6	1	TCF7;LEF1;IL7R;CCR7;LTB;SLAMF6
26	P4_primary	13	13	1	CD36;CD52;FABP5;FBP1;FN1;HMOX1;LYZ;MARCO;MT2A;NUPR1;S100A8;SPP1;TIMP1
26	P3_secondary	8	8	1	ACP5;CCL18;CXCL9;FN1;HMOX1;IFI27;LYZ;NUPR1
26	macrophage_identity	5	5	1	C1QA;C1QB;C1QC;CD68;MSR1
26	hypoxia	14	14	1	HIF1A;EGLN1;CA9;VEGFA;LDHA;PDK1;SLC2A1;BNIP3;NDRG1;ENO1;ALDOA;PGK1;HK2;PFKP
26	fibroblast_ecm	12	12	1	COL1A1;COL1A2;COL3A1;COL5A1;COL5A2;DCN;LUM;C7;CTHRC1;FAP;POSTN;THY1
26	endothelial_angiogenic	10	9	0.9	PECAM1;VWF;EMCN;KDR;ESAM;ENG;PLVAP;ACKR1;RGCC
26	malignant_epithelial	8	8	1	EPCAM;KRT8;KRT18;KRT19;KRT17;KRT5;KRT14;TACSTD2
26	cd8_cytotoxic	8	8	1	CD3D;CD3E;CD8A;CD8B;NKG7;GNLY;GZMB;PRF1
26	treg	5	4	0.8	FOXP3;IL2RA;CTLA4;IKZF2
26	tcell_exhaustion	7	6	0.857142857142857	PDCD1;HAVCR2;LAG3;CTLA4;TOX;ENTPD1
26	tcell_ifng_response	6	5	0.833333333333333	CXCL9;CXCL10;STAT1;IRF1;GBP1
26	tcell_progenitor	6	6	1	TCF7;LEF1;IL7R;CCR7;LTB;SLAMF6
27	P4_primary	13	13	1	CD36;CD52;FABP5;FBP1;FN1;HMOX1;LYZ;MARCO;MT2A;NUPR1;S100A8;SPP1;TIMP1
27	P3_secondary	8	8	1	ACP5;CCL18;CXCL9;FN1;HMOX1;IFI27;LYZ;NUPR1
27	macrophage_identity	5	5	1	C1QA;C1QB;C1QC;CD68;MSR1
27	hypoxia	14	14	1	HIF1A;EGLN1;CA9;VEGFA;LDHA;PDK1;SLC2A1;BNIP3;NDRG1;ENO1;ALDOA;PGK1;HK2;PFKP
27	fibroblast_ecm	12	12	1	COL1A1;COL1A2;COL3A1;COL5A1;COL5A2;DCN;LUM;C7;CTHRC1;FAP;POSTN;THY1
27	endothelial_angiogenic	10	10	1	PECAM1;VWF;EMCN;KDR;ESAM;ENG;PLVAP;ACKR1;RGCC;CA4
27	malignant_epithelial	8	8	1	EPCAM;KRT8;KRT18;KRT19;KRT17;KRT5;KRT14;TACSTD2
27	cd8_cytotoxic	8	8	1	CD3D;CD3E;CD8A;CD8B;NKG7;GNLY;GZMB;PRF1
27	treg	5	5	1	FOXP3;IL2RA;CTLA4;TIGIT;IKZF2
27	tcell_exhaustion	7	7	1	PDCD1;HAVCR2;LAG3;TIGIT;CTLA4;TOX;ENTPD1
27	tcell_ifng_response	6	6	1	IFNG;CXCL9;CXCL10;STAT1;IRF1;GBP1
27	tcell_progenitor	6	6	1	TCF7;LEF1;IL7R;CCR7;LTB;SLAMF6
28	P4_primary	13	13	1	CD36;CD52;FABP5;FBP1;FN1;HMOX1;LYZ;MARCO;MT2A;NUPR1;S100A8;SPP1;TIMP1
28	P3_secondary	8	8	1	ACP5;CCL18;CXCL9;FN1;HMOX1;IFI27;LYZ;NUPR1
28	macrophage_identity	5	5	1	C1QA;C1QB;C1QC;CD68;MSR1
28	hypoxia	14	14	1	HIF1A;EGLN1;CA9;VEGFA;LDHA;PDK1;SLC2A1;BNIP3;NDRG1;ENO1;ALDOA;PGK1;HK2;PFKP
28	fibroblast_ecm	12	12	1	COL1A1;COL1A2;COL3A1;COL5A1;COL5A2;DCN;LUM;C7;CTHRC1;FAP;POSTN;THY1
28	endothelial_angiogenic	10	10	1	PECAM1;VWF;EMCN;KDR;ESAM;ENG;PLVAP;ACKR1;RGCC;CA4
28	malignant_epithelial	8	8	1	EPCAM;KRT8;KRT18;KRT19;KRT17;KRT5;KRT14;TACSTD2
28	cd8_cytotoxic	8	8	1	CD3D;CD3E;CD8A;CD8B;NKG7;GNLY;GZMB;PRF1
28	treg	5	5	1	FOXP3;IL2RA;CTLA4;TIGIT;IKZF2
28	tcell_exhaustion	7	7	1	PDCD1;HAVCR2;LAG3;TIGIT;CTLA4;TOX;ENTPD1
28	tcell_ifng_response	6	6	1	IFNG;CXCL9;CXCL10;STAT1;IRF1;GBP1
28	tcell_progenitor	6	6	1	TCF7;LEF1;IL7R;CCR7;LTB;SLAMF6
29	P4_primary	13	13	1	CD36;CD52;FABP5;FBP1;FN1;HMOX1;LYZ;MARCO;MT2A;NUPR1;S100A8;SPP1;TIMP1
29	P3_secondary	8	8	1	ACP5;CCL18;CXCL9;FN1;HMOX1;IFI27;LYZ;NUPR1
29	macrophage_identity	5	5	1	C1QA;C1QB;C1QC;CD68;MSR1
29	hypoxia	14	14	1	HIF1A;EGLN1;CA9;VEGFA;LDHA;PDK1;SLC2A1;BNIP3;NDRG1;ENO1;ALDOA;PGK1;HK2;PFKP
29	fibroblast_ecm	12	12	1	COL1A1;COL1A2;COL3A1;COL5A1;COL5A2;DCN;LUM;C7;CTHRC1;FAP;POSTN;THY1
29	endothelial_angiogenic	10	10	1	PECAM1;VWF;EMCN;KDR;ESAM;ENG;PLVAP;ACKR1;RGCC;CA4
29	malignant_epithelial	8	8	1	EPCAM;KRT8;KRT18;KRT19;KRT17;KRT5;KRT14;TACSTD2
29	cd8_cytotoxic	8	8	1	CD3D;CD3E;CD8A;CD8B;NKG7;GNLY;GZMB;PRF1
29	treg	5	5	1	FOXP3;IL2RA;CTLA4;TIGIT;IKZF2
29	tcell_exhaustion	7	7	1	PDCD1;HAVCR2;LAG3;TIGIT;CTLA4;TOX;ENTPD1
29	tcell_ifng_response	6	6	1	IFNG;CXCL9;CXCL10;STAT1;IRF1;GBP1
29	tcell_progenitor	6	6	1	TCF7;LEF1;IL7R;CCR7;LTB;SLAMF6
30	P4_primary	13	13	1	CD36;CD52;FABP5;FBP1;FN1;HMOX1;LYZ;MARCO;MT2A;NUPR1;S100A8;SPP1;TIMP1
30	P3_secondary	8	8	1	ACP5;CCL18;CXCL9;FN1;HMOX1;IFI27;LYZ;NUPR1
30	macrophage_identity	5	5	1	C1QA;C1QB;C1QC;CD68;MSR1
30	hypoxia	14	14	1	HIF1A;EGLN1;CA9;VEGFA;LDHA;PDK1;SLC2A1;BNIP3;NDRG1;ENO1;ALDOA;PGK1;HK2;PFKP
30	fibroblast_ecm	12	12	1	COL1A1;COL1A2;COL3A1;COL5A1;COL5A2;DCN;LUM;C7;CTHRC1;FAP;POSTN;THY1
30	endothelial_angiogenic	10	9	0.9	PECAM1;VWF;EMCN;KDR;ESAM;ENG;PLVAP;ACKR1;RGCC
30	malignant_epithelial	8	8	1	EPCAM;KRT8;KRT18;KRT19;KRT17;KRT5;KRT14;TACSTD2
30	cd8_cytotoxic	8	8	1	CD3D;CD3E;CD8A;CD8B;NKG7;GNLY;GZMB;PRF1
30	treg	5	5	1	FOXP3;IL2RA;CTLA4;TIGIT;IKZF2
30	tcell_exhaustion	7	7	1	PDCD1;HAVCR2;LAG3;TIGIT;CTLA4;TOX;ENTPD1
30	tcell_ifng_response	6	6	1	IFNG;CXCL9;CXCL10;STAT1;IRF1;GBP1
30	tcell_progenitor	6	6	1	TCF7;LEF1;IL7R;CCR7;LTB;SLAMF6
31	P4_primary	13	13	1	CD36;CD52;FABP5;FBP1;FN1;HMOX1;LYZ;MARCO;MT2A;NUPR1;S100A8;SPP1;TIMP1
31	P3_secondary	8	8	1	ACP5;CCL18;CXCL9;FN1;HMOX1;IFI27;LYZ;NUPR1
31	macrophage_identity	5	5	1	C1QA;C1QB;C1QC;CD68;MSR1
31	hypoxia	14	14	1	HIF1A;EGLN1;CA9;VEGFA;LDHA;PDK1;SLC2A1;BNIP3;NDRG1;ENO1;ALDOA;PGK1;HK2;PFKP
31	fibroblast_ecm	12	12	1	COL1A1;COL1A2;COL3A1;COL5A1;COL5A2;DCN;LUM;C7;CTHRC1;FAP;POSTN;THY1
31	endothelial_angiogenic	10	10	1	PECAM1;VWF;EMCN;KDR;ESAM;ENG;PLVAP;ACKR1;RGCC;CA4
31	malignant_epithelial	8	8	1	EPCAM;KRT8;KRT18;KRT19;KRT17;KRT5;KRT14;TACSTD2
31	cd8_cytotoxic	8	8	1	CD3D;CD3E;CD8A;CD8B;NKG7;GNLY;GZMB;PRF1
31	treg	5	5	1	FOXP3;IL2RA;CTLA4;TIGIT;IKZF2
31	tcell_exhaustion	7	7	1	PDCD1;HAVCR2;LAG3;TIGIT;CTLA4;TOX;ENTPD1
31	tcell_ifng_response	6	6	1	IFNG;CXCL9;CXCL10;STAT1;IRF1;GBP1
31	tcell_progenitor	6	6	1	TCF7;LEF1;IL7R;CCR7;LTB;SLAMF6
32	P4_primary	13	13	1	CD36;CD52;FABP5;FBP1;FN1;HMOX1;LYZ;MARCO;MT2A;NUPR1;S100A8;SPP1;TIMP1
32	P3_secondary	8	8	1	ACP5;CCL18;CXCL9;FN1;HMOX1;IFI27;LYZ;NUPR1
32	macrophage_identity	5	5	1	C1QA;C1QB;C1QC;CD68;MSR1
32	hypoxia	14	14	1	HIF1A;EGLN1;CA9;VEGFA;LDHA;PDK1;SLC2A1;BNIP3;NDRG1;ENO1;ALDOA;PGK1;HK2;PFKP
32	fibroblast_ecm	12	12	1	COL1A1;COL1A2;COL3A1;COL5A1;COL5A2;DCN;LUM;C7;CTHRC1;FAP;POSTN;THY1
32	endothelial_angiogenic	10	9	0.9	PECAM1;VWF;EMCN;KDR;ESAM;ENG;PLVAP;ACKR1;RGCC
32	malignant_epithelial	8	8	1	EPCAM;KRT8;KRT18;KRT19;KRT17;KRT5;KRT14;TACSTD2
32	cd8_cytotoxic	8	8	1	CD3D;CD3E;CD8A;CD8B;NKG7;GNLY;GZMB;PRF1
32	treg	5	5	1	FOXP3;IL2RA;CTLA4;TIGIT;IKZF2
32	tcell_exhaustion	7	7	1	PDCD1;HAVCR2;LAG3;TIGIT;CTLA4;TOX;ENTPD1
32	tcell_ifng_response	6	6	1	IFNG;CXCL9;CXCL10;STAT1;IRF1;GBP1
32	tcell_progenitor	6	6	1	TCF7;LEF1;IL7R;CCR7;LTB;SLAMF6
33	P4_primary	13	13	1	CD36;CD52;FABP5;FBP1;FN1;HMOX1;LYZ;MARCO;MT2A;NUPR1;S100A8;SPP1;TIMP1
33	P3_secondary	8	8	1	ACP5;CCL18;CXCL9;FN1;HMOX1;IFI27;LYZ;NUPR1
33	macrophage_identity	5	5	1	C1QA;C1QB;C1QC;CD68;MSR1
33	hypoxia	14	14	1	HIF1A;EGLN1;CA9;VEGFA;LDHA;PDK1;SLC2A1;BNIP3;NDRG1;ENO1;ALDOA;PGK1;HK2;PFKP
33	fibroblast_ecm	12	12	1	COL1A1;COL1A2;COL3A1;COL5A1;COL5A2;DCN;LUM;C7;CTHRC1;FAP;POSTN;THY1
33	endothelial_angiogenic	10	10	1	PECAM1;VWF;EMCN;KDR;ESAM;ENG;PLVAP;ACKR1;RGCC;CA4
33	malignant_epithelial	8	8	1	EPCAM;KRT8;KRT18;KRT19;KRT17;KRT5;KRT14;TACSTD2
33	cd8_cytotoxic	8	8	1	CD3D;CD3E;CD8A;CD8B;NKG7;GNLY;GZMB;PRF1
33	treg	5	5	1	FOXP3;IL2RA;CTLA4;TIGIT;IKZF2
33	tcell_exhaustion	7	7	1	PDCD1;HAVCR2;LAG3;TIGIT;CTLA4;TOX;ENTPD1
33	tcell_ifng_response	6	6	1	IFNG;CXCL9;CXCL10;STAT1;IRF1;GBP1
33	tcell_progenitor	6	6	1	TCF7;LEF1;IL7R;CCR7;LTB;SLAMF6
34	P4_primary	13	13	1	CD36;CD52;FABP5;FBP1;FN1;HMOX1;LYZ;MARCO;MT2A;NUPR1;S100A8;SPP1;TIMP1
34	P3_secondary	8	8	1	ACP5;CCL18;CXCL9;FN1;HMOX1;IFI27;LYZ;NUPR1
34	macrophage_identity	5	5	1	C1QA;C1QB;C1QC;CD68;MSR1
34	hypoxia	14	14	1	HIF1A;EGLN1;CA9;VEGFA;LDHA;PDK1;SLC2A1;BNIP3;NDRG1;ENO1;ALDOA;PGK1;HK2;PFKP
34	fibroblast_ecm	12	12	1	COL1A1;COL1A2;COL3A1;COL5A1;COL5A2;DCN;LUM;C7;CTHRC1;FAP;POSTN;THY1
34	endothelial_angiogenic	10	9	0.9	PECAM1;VWF;EMCN;KDR;ESAM;ENG;PLVAP;ACKR1;RGCC
34	malignant_epithelial	8	8	1	EPCAM;KRT8;KRT18;KRT19;KRT17;KRT5;KRT14;TACSTD2
34	cd8_cytotoxic	8	8	1	CD3D;CD3E;CD8A;CD8B;NKG7;GNLY;GZMB;PRF1
34	treg	5	5	1	FOXP3;IL2RA;CTLA4;TIGIT;IKZF2
34	tcell_exhaustion	7	7	1	PDCD1;HAVCR2;LAG3;TIGIT;CTLA4;TOX;ENTPD1
34	tcell_ifng_response	6	6	1	IFNG;CXCL9;CXCL10;STAT1;IRF1;GBP1
34	tcell_progenitor	6	6	1	TCF7;LEF1;IL7R;CCR7;LTB;SLAMF6
35	P4_primary	13	13	1	CD36;CD52;FABP5;FBP1;FN1;HMOX1;LYZ;MARCO;MT2A;NUPR1;S100A8;SPP1;TIMP1
35	P3_secondary	8	8	1	ACP5;CCL18;CXCL9;FN1;HMOX1;IFI27;LYZ;NUPR1
35	macrophage_identity	5	5	1	C1QA;C1QB;C1QC;CD68;MSR1
35	hypoxia	14	14	1	HIF1A;EGLN1;CA9;VEGFA;LDHA;PDK1;SLC2A1;BNIP3;NDRG1;ENO1;ALDOA;PGK1;HK2;PFKP
35	fibroblast_ecm	12	12	1	COL1A1;COL1A2;COL3A1;COL5A1;COL5A2;DCN;LUM;C7;CTHRC1;FAP;POSTN;THY1
35	endothelial_angiogenic	10	9	0.9	PECAM1;VWF;EMCN;KDR;ESAM;ENG;PLVAP;ACKR1;RGCC
35	malignant_epithelial	8	8	1	EPCAM;KRT8;KRT18;KRT19;KRT17;KRT5;KRT14;TACSTD2
35	cd8_cytotoxic	8	8	1	CD3D;CD3E;CD8A;CD8B;NKG7;GNLY;GZMB;PRF1
35	treg	5	5	1	FOXP3;IL2RA;CTLA4;TIGIT;IKZF2
35	tcell_exhaustion	7	7	1	PDCD1;HAVCR2;LAG3;TIGIT;CTLA4;TOX;ENTPD1
35	tcell_ifng_response	6	6	1	IFNG;CXCL9;CXCL10;STAT1;IRF1;GBP1
35	tcell_progenitor	6	6	1	TCF7;LEF1;IL7R;CCR7;LTB;SLAMF6
36	P4_primary	13	13	1	CD36;CD52;FABP5;FBP1;FN1;HMOX1;LYZ;MARCO;MT2A;NUPR1;S100A8;SPP1;TIMP1
36	P3_secondary	8	8	1	ACP5;CCL18;CXCL9;FN1;HMOX1;IFI27;LYZ;NUPR1
36	macrophage_identity	5	5	1	C1QA;C1QB;C1QC;CD68;MSR1
36	hypoxia	14	14	1	HIF1A;EGLN1;CA9;VEGFA;LDHA;PDK1;SLC2A1;BNIP3;NDRG1;ENO1;ALDOA;PGK1;HK2;PFKP
36	fibroblast_ecm	12	12	1	COL1A1;COL1A2;COL3A1;COL5A1;COL5A2;DCN;LUM;C7;CTHRC1;FAP;POSTN;THY1
36	endothelial_angiogenic	10	10	1	PECAM1;VWF;EMCN;KDR;ESAM;ENG;PLVAP;ACKR1;RGCC;CA4
36	malignant_epithelial	8	8	1	EPCAM;KRT8;KRT18;KRT19;KRT17;KRT5;KRT14;TACSTD2
36	cd8_cytotoxic	8	8	1	CD3D;CD3E;CD8A;CD8B;NKG7;GNLY;GZMB;PRF1
36	treg	5	5	1	FOXP3;IL2RA;CTLA4;TIGIT;IKZF2
36	tcell_exhaustion	7	7	1	PDCD1;HAVCR2;LAG3;TIGIT;CTLA4;TOX;ENTPD1
36	tcell_ifng_response	6	6	1	IFNG;CXCL9;CXCL10;STAT1;IRF1;GBP1
36	tcell_progenitor	6	6	1	TCF7;LEF1;IL7R;CCR7;LTB;SLAMF6
37	P4_primary	13	13	1	CD36;CD52;FABP5;FBP1;FN1;HMOX1;LYZ;MARCO;MT2A;NUPR1;S100A8;SPP1;TIMP1
37	P3_secondary	8	8	1	ACP5;CCL18;CXCL9;FN1;HMOX1;IFI27;LYZ;NUPR1
37	macrophage_identity	5	5	1	C1QA;C1QB;C1QC;CD68;MSR1
37	hypoxia	14	14	1	HIF1A;EGLN1;CA9;VEGFA;LDHA;PDK1;SLC2A1;BNIP3;NDRG1;ENO1;ALDOA;PGK1;HK2;PFKP
37	fibroblast_ecm	12	12	1	COL1A1;COL1A2;COL3A1;COL5A1;COL5A2;DCN;LUM;C7;CTHRC1;FAP;POSTN;THY1
37	endothelial_angiogenic	10	10	1	PECAM1;VWF;EMCN;KDR;ESAM;ENG;PLVAP;ACKR1;RGCC;CA4
37	malignant_epithelial	8	8	1	EPCAM;KRT8;KRT18;KRT19;KRT17;KRT5;KRT14;TACSTD2
37	cd8_cytotoxic	8	8	1	CD3D;CD3E;CD8A;CD8B;NKG7;GNLY;GZMB;PRF1
37	treg	5	5	1	FOXP3;IL2RA;CTLA4;TIGIT;IKZF2
37	tcell_exhaustion	7	7	1	PDCD1;HAVCR2;LAG3;TIGIT;CTLA4;TOX;ENTPD1
37	tcell_ifng_response	6	6	1	IFNG;CXCL9;CXCL10;STAT1;IRF1;GBP1
37	tcell_progenitor	6	6	1	TCF7;LEF1;IL7R;CCR7;LTB;SLAMF6
38	P4_primary	13	13	1	CD36;CD52;FABP5;FBP1;FN1;HMOX1;LYZ;MARCO;MT2A;NUPR1;S100A8;SPP1;TIMP1
38	P3_secondary	8	8	1	ACP5;CCL18;CXCL9;FN1;HMOX1;IFI27;LYZ;NUPR1
38	macrophage_identity	5	5	1	C1QA;C1QB;C1QC;CD68;MSR1
38	hypoxia	14	14	1	HIF1A;EGLN1;CA9;VEGFA;LDHA;PDK1;SLC2A1;BNIP3;NDRG1;ENO1;ALDOA;PGK1;HK2;PFKP
38	fibroblast_ecm	12	12	1	COL1A1;COL1A2;COL3A1;COL5A1;COL5A2;DCN;LUM;C7;CTHRC1;FAP;POSTN;THY1
38	endothelial_angiogenic	10	10	1	PECAM1;VWF;EMCN;KDR;ESAM;ENG;PLVAP;ACKR1;RGCC;CA4
38	malignant_epithelial	8	8	1	EPCAM;KRT8;KRT18;KRT19;KRT17;KRT5;KRT14;TACSTD2
38	cd8_cytotoxic	8	8	1	CD3D;CD3E;CD8A;CD8B;NKG7;GNLY;GZMB;PRF1
38	treg	5	5	1	FOXP3;IL2RA;CTLA4;TIGIT;IKZF2
38	tcell_exhaustion	7	7	1	PDCD1;HAVCR2;LAG3;TIGIT;CTLA4;TOX;ENTPD1
38	tcell_ifng_response	6	6	1	IFNG;CXCL9;CXCL10;STAT1;IRF1;GBP1
38	tcell_progenitor	6	6	1	TCF7;LEF1;IL7R;CCR7;LTB;SLAMF6
39	P4_primary	13	13	1	CD36;CD52;FABP5;FBP1;FN1;HMOX1;LYZ;MARCO;MT2A;NUPR1;S100A8;SPP1;TIMP1
39	P3_secondary	8	8	1	ACP5;CCL18;CXCL9;FN1;HMOX1;IFI27;LYZ;NUPR1
39	macrophage_identity	5	5	1	C1QA;C1QB;C1QC;CD68;MSR1
39	hypoxia	14	14	1	HIF1A;EGLN1;CA9;VEGFA;LDHA;PDK1;SLC2A1;BNIP3;NDRG1;ENO1;ALDOA;PGK1;HK2;PFKP
39	fibroblast_ecm	12	12	1	COL1A1;COL1A2;COL3A1;COL5A1;COL5A2;DCN;LUM;C7;CTHRC1;FAP;POSTN;THY1
39	endothelial_angiogenic	10	10	1	PECAM1;VWF;EMCN;KDR;ESAM;ENG;PLVAP;ACKR1;RGCC;CA4
39	malignant_epithelial	8	8	1	EPCAM;KRT8;KRT18;KRT19;KRT17;KRT5;KRT14;TACSTD2
39	cd8_cytotoxic	8	8	1	CD3D;CD3E;CD8A;CD8B;NKG7;GNLY;GZMB;PRF1
39	treg	5	5	1	FOXP3;IL2RA;CTLA4;TIGIT;IKZF2
39	tcell_exhaustion	7	7	1	PDCD1;HAVCR2;LAG3;TIGIT;CTLA4;TOX;ENTPD1
39	tcell_ifng_response	6	6	1	IFNG;CXCL9;CXCL10;STAT1;IRF1;GBP1
39	tcell_progenitor	6	6	1	TCF7;LEF1;IL7R;CCR7;LTB;SLAMF6
40	P4_primary	13	13	1	CD36;CD52;FABP5;FBP1;FN1;HMOX1;LYZ;MARCO;MT2A;NUPR1;S100A8;SPP1;TIMP1
40	P3_secondary	8	8	1	ACP5;CCL18;CXCL9;FN1;HMOX1;IFI27;LYZ;NUPR1
40	macrophage_identity	5	5	1	C1QA;C1QB;C1QC;CD68;MSR1
40	hypoxia	14	14	1	HIF1A;EGLN1;CA9;VEGFA;LDHA;PDK1;SLC2A1;BNIP3;NDRG1;ENO1;ALDOA;PGK1;HK2;PFKP
40	fibroblast_ecm	12	12	1	COL1A1;COL1A2;COL3A1;COL5A1;COL5A2;DCN;LUM;C7;CTHRC1;FAP;POSTN;THY1
40	endothelial_angiogenic	10	10	1	PECAM1;VWF;EMCN;KDR;ESAM;ENG;PLVAP;ACKR1;RGCC;CA4
40	malignant_epithelial	8	8	1	EPCAM;KRT8;KRT18;KRT19;KRT17;KRT5;KRT14;TACSTD2
40	cd8_cytotoxic	8	8	1	CD3D;CD3E;CD8A;CD8B;NKG7;GNLY;GZMB;PRF1
40	treg	5	5	1	FOXP3;IL2RA;CTLA4;TIGIT;IKZF2
40	tcell_exhaustion	7	7	1	PDCD1;HAVCR2;LAG3;TIGIT;CTLA4;TOX;ENTPD1
40	tcell_ifng_response	6	6	1	IFNG;CXCL9;CXCL10;STAT1;IRF1;GBP1
40	tcell_progenitor	6	6	1	TCF7;LEF1;IL7R;CCR7;LTB;SLAMF6
41	P4_primary	13	13	1	CD36;CD52;FABP5;FBP1;FN1;HMOX1;LYZ;MARCO;MT2A;NUPR1;S100A8;SPP1;TIMP1
41	P3_secondary	8	8	1	ACP5;CCL18;CXCL9;FN1;HMOX1;IFI27;LYZ;NUPR1
41	macrophage_identity	5	5	1	C1QA;C1QB;C1QC;CD68;MSR1
41	hypoxia	14	14	1	HIF1A;EGLN1;CA9;VEGFA;LDHA;PDK1;SLC2A1;BNIP3;NDRG1;ENO1;ALDOA;PGK1;HK2;PFKP
41	fibroblast_ecm	12	12	1	COL1A1;COL1A2;COL3A1;COL5A1;COL5A2;DCN;LUM;C7;CTHRC1;FAP;POSTN;THY1
41	endothelial_angiogenic	10	10	1	PECAM1;VWF;EMCN;KDR;ESAM;ENG;PLVAP;ACKR1;RGCC;CA4
41	malignant_epithelial	8	8	1	EPCAM;KRT8;KRT18;KRT19;KRT17;KRT5;KRT14;TACSTD2
41	cd8_cytotoxic	8	8	1	CD3D;CD3E;CD8A;CD8B;NKG7;GNLY;GZMB;PRF1
41	treg	5	5	1	FOXP3;IL2RA;CTLA4;TIGIT;IKZF2
41	tcell_exhaustion	7	7	1	PDCD1;HAVCR2;LAG3;TIGIT;CTLA4;TOX;ENTPD1
41	tcell_ifng_response	6	6	1	IFNG;CXCL9;CXCL10;STAT1;IRF1;GBP1
41	tcell_progenitor	6	6	1	TCF7;LEF1;IL7R;CCR7;LTB;SLAMF6
42	P4_primary	13	13	1	CD36;CD52;FABP5;FBP1;FN1;HMOX1;LYZ;MARCO;MT2A;NUPR1;S100A8;SPP1;TIMP1
42	P3_secondary	8	8	1	ACP5;CCL18;CXCL9;FN1;HMOX1;IFI27;LYZ;NUPR1
42	macrophage_identity	5	5	1	C1QA;C1QB;C1QC;CD68;MSR1
42	hypoxia	14	14	1	HIF1A;EGLN1;CA9;VEGFA;LDHA;PDK1;SLC2A1;BNIP3;NDRG1;ENO1;ALDOA;PGK1;HK2;PFKP
42	fibroblast_ecm	12	12	1	COL1A1;COL1A2;COL3A1;COL5A1;COL5A2;DCN;LUM;C7;CTHRC1;FAP;POSTN;THY1
42	endothelial_angiogenic	10	10	1	PECAM1;VWF;EMCN;KDR;ESAM;ENG;PLVAP;ACKR1;RGCC;CA4
42	malignant_epithelial	8	8	1	EPCAM;KRT8;KRT18;KRT19;KRT17;KRT5;KRT14;TACSTD2
42	cd8_cytotoxic	8	8	1	CD3D;CD3E;CD8A;CD8B;NKG7;GNLY;GZMB;PRF1
42	treg	5	5	1	FOXP3;IL2RA;CTLA4;TIGIT;IKZF2
42	tcell_exhaustion	7	7	1	PDCD1;HAVCR2;LAG3;TIGIT;CTLA4;TOX;ENTPD1
42	tcell_ifng_response	6	6	1	IFNG;CXCL9;CXCL10;STAT1;IRF1;GBP1
42	tcell_progenitor	6	6	1	TCF7;LEF1;IL7R;CCR7;LTB;SLAMF6
43	P4_primary	13	13	1	CD36;CD52;FABP5;FBP1;FN1;HMOX1;LYZ;MARCO;MT2A;NUPR1;S100A8;SPP1;TIMP1
43	P3_secondary	8	8	1	ACP5;CCL18;CXCL9;FN1;HMOX1;IFI27;LYZ;NUPR1
43	macrophage_identity	5	5	1	C1QA;C1QB;C1QC;CD68;MSR1
43	hypoxia	14	14	1	HIF1A;EGLN1;CA9;VEGFA;LDHA;PDK1;SLC2A1;BNIP3;NDRG1;ENO1;ALDOA;PGK1;HK2;PFKP
43	fibroblast_ecm	12	12	1	COL1A1;COL1A2;COL3A1;COL5A1;COL5A2;DCN;LUM;C7;CTHRC1;FAP;POSTN;THY1
43	endothelial_angiogenic	10	10	1	PECAM1;VWF;EMCN;KDR;ESAM;ENG;PLVAP;ACKR1;RGCC;CA4
43	malignant_epithelial	8	8	1	EPCAM;KRT8;KRT18;KRT19;KRT17;KRT5;KRT14;TACSTD2
43	cd8_cytotoxic	8	8	1	CD3D;CD3E;CD8A;CD8B;NKG7;GNLY;GZMB;PRF1
43	treg	5	5	1	FOXP3;IL2RA;CTLA4;TIGIT;IKZF2
43	tcell_exhaustion	7	7	1	PDCD1;HAVCR2;LAG3;TIGIT;CTLA4;TOX;ENTPD1
43	tcell_ifng_response	6	6	1	IFNG;CXCL9;CXCL10;STAT1;IRF1;GBP1
43	tcell_progenitor	6	6	1	TCF7;LEF1;IL7R;CCR7;LTB;SLAMF6
44	P4_primary	13	13	1	CD36;CD52;FABP5;FBP1;FN1;HMOX1;LYZ;MARCO;MT2A;NUPR1;S100A8;SPP1;TIMP1
44	P3_secondary	8	8	1	ACP5;CCL18;CXCL9;FN1;HMOX1;IFI27;LYZ;NUPR1
44	macrophage_identity	5	5	1	C1QA;C1QB;C1QC;CD68;MSR1
44	hypoxia	14	14	1	HIF1A;EGLN1;CA9;VEGFA;LDHA;PDK1;SLC2A1;BNIP3;NDRG1;ENO1;ALDOA;PGK1;HK2;PFKP
44	fibroblast_ecm	12	12	1	COL1A1;COL1A2;COL3A1;COL5A1;COL5A2;DCN;LUM;C7;CTHRC1;FAP;POSTN;THY1
44	endothelial_angiogenic	10	10	1	PECAM1;VWF;EMCN;KDR;ESAM;ENG;PLVAP;ACKR1;RGCC;CA4
44	malignant_epithelial	8	8	1	EPCAM;KRT8;KRT18;KRT19;KRT17;KRT5;KRT14;TACSTD2
44	cd8_cytotoxic	8	8	1	CD3D;CD3E;CD8A;CD8B;NKG7;GNLY;GZMB;PRF1
44	treg	5	5	1	FOXP3;IL2RA;CTLA4;TIGIT;IKZF2
44	tcell_exhaustion	7	7	1	PDCD1;HAVCR2;LAG3;TIGIT;CTLA4;TOX;ENTPD1
44	tcell_ifng_response	6	6	1	IFNG;CXCL9;CXCL10;STAT1;IRF1;GBP1
44	tcell_progenitor	6	6	1	TCF7;LEF1;IL7R;CCR7;LTB;SLAMF6
45	P4_primary	13	13	1	CD36;CD52;FABP5;FBP1;FN1;HMOX1;LYZ;MARCO;MT2A;NUPR1;S100A8;SPP1;TIMP1
45	P3_secondary	8	8	1	ACP5;CCL18;CXCL9;FN1;HMOX1;IFI27;LYZ;NUPR1
45	macrophage_identity	5	5	1	C1QA;C1QB;C1QC;CD68;MSR1
45	hypoxia	14	14	1	HIF1A;EGLN1;CA9;VEGFA;LDHA;PDK1;SLC2A1;BNIP3;NDRG1;ENO1;ALDOA;PGK1;HK2;PFKP
45	fibroblast_ecm	12	12	1	COL1A1;COL1A2;COL3A1;COL5A1;COL5A2;DCN;LUM;C7;CTHRC1;FAP;POSTN;THY1
45	endothelial_angiogenic	10	10	1	PECAM1;VWF;EMCN;KDR;ESAM;ENG;PLVAP;ACKR1;RGCC;CA4
45	malignant_epithelial	8	8	1	EPCAM;KRT8;KRT18;KRT19;KRT17;KRT5;KRT14;TACSTD2
45	cd8_cytotoxic	8	8	1	CD3D;CD3E;CD8A;CD8B;NKG7;GNLY;GZMB;PRF1
45	treg	5	5	1	FOXP3;IL2RA;CTLA4;TIGIT;IKZF2
45	tcell_exhaustion	7	7	1	PDCD1;HAVCR2;LAG3;TIGIT;CTLA4;TOX;ENTPD1
45	tcell_ifng_response	6	6	1	IFNG;CXCL9;CXCL10;STAT1;IRF1;GBP1
45	tcell_progenitor	6	6	1	TCF7;LEF1;IL7R;CCR7;LTB;SLAMF6
46	P4_primary	13	13	1	CD36;CD52;FABP5;FBP1;FN1;HMOX1;LYZ;MARCO;MT2A;NUPR1;S100A8;SPP1;TIMP1
46	P3_secondary	8	8	1	ACP5;CCL18;CXCL9;FN1;HMOX1;IFI27;LYZ;NUPR1
46	macrophage_identity	5	5	1	C1QA;C1QB;C1QC;CD68;MSR1
46	hypoxia	14	14	1	HIF1A;EGLN1;CA9;VEGFA;LDHA;PDK1;SLC2A1;BNIP3;NDRG1;ENO1;ALDOA;PGK1;HK2;PFKP
46	fibroblast_ecm	12	12	1	COL1A1;COL1A2;COL3A1;COL5A1;COL5A2;DCN;LUM;C7;CTHRC1;FAP;POSTN;THY1
46	endothelial_angiogenic	10	10	1	PECAM1;VWF;EMCN;KDR;ESAM;ENG;PLVAP;ACKR1;RGCC;CA4
46	malignant_epithelial	8	8	1	EPCAM;KRT8;KRT18;KRT19;KRT17;KRT5;KRT14;TACSTD2
46	cd8_cytotoxic	8	8	1	CD3D;CD3E;CD8A;CD8B;NKG7;GNLY;GZMB;PRF1
46	treg	5	5	1	FOXP3;IL2RA;CTLA4;TIGIT;IKZF2
46	tcell_exhaustion	7	7	1	PDCD1;HAVCR2;LAG3;TIGIT;CTLA4;TOX;ENTPD1
46	tcell_ifng_response	6	6	1	IFNG;CXCL9;CXCL10;STAT1;IRF1;GBP1
46	tcell_progenitor	6	6	1	TCF7;LEF1;IL7R;CCR7;LTB;SLAMF6
94	P4_primary	13	13	1	CD36;CD52;FABP5;FBP1;FN1;HMOX1;LYZ;MARCO;MT2A;NUPR1;S100A8;SPP1;TIMP1
94	P3_secondary	8	8	1	ACP5;CCL18;CXCL9;FN1;HMOX1;IFI27;LYZ;NUPR1
94	macrophage_identity	5	5	1	C1QA;C1QB;C1QC;CD68;MSR1
94	hypoxia	14	14	1	HIF1A;EGLN1;CA9;VEGFA;LDHA;PDK1;SLC2A1;BNIP3;NDRG1;ENO1;ALDOA;PGK1;HK2;PFKP
94	fibroblast_ecm	12	12	1	COL1A1;COL1A2;COL3A1;COL5A1;COL5A2;DCN;LUM;C7;CTHRC1;FAP;POSTN;THY1
94	endothelial_angiogenic	10	9	0.9	PECAM1;VWF;EMCN;KDR;ESAM;ENG;PLVAP;ACKR1;RGCC
94	malignant_epithelial	8	8	1	EPCAM;KRT8;KRT18;KRT19;KRT17;KRT5;KRT14;TACSTD2
94	cd8_cytotoxic	8	8	1	CD3D;CD3E;CD8A;CD8B;NKG7;GNLY;GZMB;PRF1
94	treg	5	5	1	FOXP3;IL2RA;CTLA4;TIGIT;IKZF2
94	tcell_exhaustion	7	7	1	PDCD1;HAVCR2;LAG3;TIGIT;CTLA4;TOX;ENTPD1
94	tcell_ifng_response	6	6	1	IFNG;CXCL9;CXCL10;STAT1;IRF1;GBP1
94	tcell_progenitor	6	6	1	TCF7;LEF1;IL7R;CCR7;LTB;SLAMF6
95	P4_primary	13	13	1	CD36;CD52;FABP5;FBP1;FN1;HMOX1;LYZ;MARCO;MT2A;NUPR1;S100A8;SPP1;TIMP1
95	P3_secondary	8	8	1	ACP5;CCL18;CXCL9;FN1;HMOX1;IFI27;LYZ;NUPR1
95	macrophage_identity	5	5	1	C1QA;C1QB;C1QC;CD68;MSR1
95	hypoxia	14	14	1	HIF1A;EGLN1;CA9;VEGFA;LDHA;PDK1;SLC2A1;BNIP3;NDRG1;ENO1;ALDOA;PGK1;HK2;PFKP
95	fibroblast_ecm	12	12	1	COL1A1;COL1A2;COL3A1;COL5A1;COL5A2;DCN;LUM;C7;CTHRC1;FAP;POSTN;THY1
95	endothelial_angiogenic	10	10	1	PECAM1;VWF;EMCN;KDR;ESAM;ENG;PLVAP;ACKR1;RGCC;CA4
95	malignant_epithelial	8	8	1	EPCAM;KRT8;KRT18;KRT19;KRT17;KRT5;KRT14;TACSTD2
95	cd8_cytotoxic	8	8	1	CD3D;CD3E;CD8A;CD8B;NKG7;GNLY;GZMB;PRF1
95	treg	5	5	1	FOXP3;IL2RA;CTLA4;TIGIT;IKZF2
95	tcell_exhaustion	7	7	1	PDCD1;HAVCR2;LAG3;TIGIT;CTLA4;TOX;ENTPD1
95	tcell_ifng_response	6	5	0.833333333333333	CXCL9;CXCL10;STAT1;IRF1;GBP1
95	tcell_progenitor	6	6	1	TCF7;LEF1;IL7R;CCR7;LTB;SLAMF6
47	P4_primary	13	13	1	CD36;CD52;FABP5;FBP1;FN1;HMOX1;LYZ;MARCO;MT2A;NUPR1;S100A8;SPP1;TIMP1
47	P3_secondary	8	8	1	ACP5;CCL18;CXCL9;FN1;HMOX1;IFI27;LYZ;NUPR1
47	macrophage_identity	5	5	1	C1QA;C1QB;C1QC;CD68;MSR1
47	hypoxia	14	14	1	HIF1A;EGLN1;CA9;VEGFA;LDHA;PDK1;SLC2A1;BNIP3;NDRG1;ENO1;ALDOA;PGK1;HK2;PFKP
47	fibroblast_ecm	12	12	1	COL1A1;COL1A2;COL3A1;COL5A1;COL5A2;DCN;LUM;C7;CTHRC1;FAP;POSTN;THY1
47	endothelial_angiogenic	10	10	1	PECAM1;VWF;EMCN;KDR;ESAM;ENG;PLVAP;ACKR1;RGCC;CA4
47	malignant_epithelial	8	8	1	EPCAM;KRT8;KRT18;KRT19;KRT17;KRT5;KRT14;TACSTD2
47	cd8_cytotoxic	8	8	1	CD3D;CD3E;CD8A;CD8B;NKG7;GNLY;GZMB;PRF1
47	treg	5	5	1	FOXP3;IL2RA;CTLA4;TIGIT;IKZF2
47	tcell_exhaustion	7	7	1	PDCD1;HAVCR2;LAG3;TIGIT;CTLA4;TOX;ENTPD1
47	tcell_ifng_response	6	6	1	IFNG;CXCL9;CXCL10;STAT1;IRF1;GBP1
47	tcell_progenitor	6	6	1	TCF7;LEF1;IL7R;CCR7;LTB;SLAMF6
48	P4_primary	13	13	1	CD36;CD52;FABP5;FBP1;FN1;HMOX1;LYZ;MARCO;MT2A;NUPR1;S100A8;SPP1;TIMP1
48	P3_secondary	8	8	1	ACP5;CCL18;CXCL9;FN1;HMOX1;IFI27;LYZ;NUPR1
48	macrophage_identity	5	5	1	C1QA;C1QB;C1QC;CD68;MSR1
48	hypoxia	14	14	1	HIF1A;EGLN1;CA9;VEGFA;LDHA;PDK1;SLC2A1;BNIP3;NDRG1;ENO1;ALDOA;PGK1;HK2;PFKP
48	fibroblast_ecm	12	12	1	COL1A1;COL1A2;COL3A1;COL5A1;COL5A2;DCN;LUM;C7;CTHRC1;FAP;POSTN;THY1
48	endothelial_angiogenic	10	10	1	PECAM1;VWF;EMCN;KDR;ESAM;ENG;PLVAP;ACKR1;RGCC;CA4
48	malignant_epithelial	8	8	1	EPCAM;KRT8;KRT18;KRT19;KRT17;KRT5;KRT14;TACSTD2
48	cd8_cytotoxic	8	8	1	CD3D;CD3E;CD8A;CD8B;NKG7;GNLY;GZMB;PRF1
48	treg	5	5	1	FOXP3;IL2RA;CTLA4;TIGIT;IKZF2
48	tcell_exhaustion	7	7	1	PDCD1;HAVCR2;LAG3;TIGIT;CTLA4;TOX;ENTPD1
48	tcell_ifng_response	6	5	0.833333333333333	CXCL9;CXCL10;STAT1;IRF1;GBP1
48	tcell_progenitor	6	6	1	TCF7;LEF1;IL7R;CCR7;LTB;SLAMF6
49	P4_primary	13	13	1	CD36;CD52;FABP5;FBP1;FN1;HMOX1;LYZ;MARCO;MT2A;NUPR1;S100A8;SPP1;TIMP1
49	P3_secondary	8	8	1	ACP5;CCL18;CXCL9;FN1;HMOX1;IFI27;LYZ;NUPR1
49	macrophage_identity	5	5	1	C1QA;C1QB;C1QC;CD68;MSR1
49	hypoxia	14	14	1	HIF1A;EGLN1;CA9;VEGFA;LDHA;PDK1;SLC2A1;BNIP3;NDRG1;ENO1;ALDOA;PGK1;HK2;PFKP
49	fibroblast_ecm	12	12	1	COL1A1;COL1A2;COL3A1;COL5A1;COL5A2;DCN;LUM;C7;CTHRC1;FAP;POSTN;THY1
49	endothelial_angiogenic	10	9	0.9	PECAM1;VWF;EMCN;KDR;ESAM;ENG;PLVAP;ACKR1;RGCC
49	malignant_epithelial	8	8	1	EPCAM;KRT8;KRT18;KRT19;KRT17;KRT5;KRT14;TACSTD2
49	cd8_cytotoxic	8	8	1	CD3D;CD3E;CD8A;CD8B;NKG7;GNLY;GZMB;PRF1
49	treg	5	5	1	FOXP3;IL2RA;CTLA4;TIGIT;IKZF2
49	tcell_exhaustion	7	7	1	PDCD1;HAVCR2;LAG3;TIGIT;CTLA4;TOX;ENTPD1
49	tcell_ifng_response	6	6	1	IFNG;CXCL9;CXCL10;STAT1;IRF1;GBP1
49	tcell_progenitor	6	6	1	TCF7;LEF1;IL7R;CCR7;LTB;SLAMF6
50	P4_primary	13	13	1	CD36;CD52;FABP5;FBP1;FN1;HMOX1;LYZ;MARCO;MT2A;NUPR1;S100A8;SPP1;TIMP1
50	P3_secondary	8	8	1	ACP5;CCL18;CXCL9;FN1;HMOX1;IFI27;LYZ;NUPR1
50	macrophage_identity	5	5	1	C1QA;C1QB;C1QC;CD68;MSR1
50	hypoxia	14	14	1	HIF1A;EGLN1;CA9;VEGFA;LDHA;PDK1;SLC2A1;BNIP3;NDRG1;ENO1;ALDOA;PGK1;HK2;PFKP
50	fibroblast_ecm	12	12	1	COL1A1;COL1A2;COL3A1;COL5A1;COL5A2;DCN;LUM;C7;CTHRC1;FAP;POSTN;THY1
50	endothelial_angiogenic	10	10	1	PECAM1;VWF;EMCN;KDR;ESAM;ENG;PLVAP;ACKR1;RGCC;CA4
50	malignant_epithelial	8	8	1	EPCAM;KRT8;KRT18;KRT19;KRT17;KRT5;KRT14;TACSTD2
50	cd8_cytotoxic	8	8	1	CD3D;CD3E;CD8A;CD8B;NKG7;GNLY;GZMB;PRF1
50	treg	5	5	1	FOXP3;IL2RA;CTLA4;TIGIT;IKZF2
50	tcell_exhaustion	7	7	1	PDCD1;HAVCR2;LAG3;TIGIT;CTLA4;TOX;ENTPD1
50	tcell_ifng_response	6	6	1	IFNG;CXCL9;CXCL10;STAT1;IRF1;GBP1
50	tcell_progenitor	6	6	1	TCF7;LEF1;IL7R;CCR7;LTB;SLAMF6
51	P4_primary	13	13	1	CD36;CD52;FABP5;FBP1;FN1;HMOX1;LYZ;MARCO;MT2A;NUPR1;S100A8;SPP1;TIMP1
51	P3_secondary	8	8	1	ACP5;CCL18;CXCL9;FN1;HMOX1;IFI27;LYZ;NUPR1
51	macrophage_identity	5	5	1	C1QA;C1QB;C1QC;CD68;MSR1
51	hypoxia	14	14	1	HIF1A;EGLN1;CA9;VEGFA;LDHA;PDK1;SLC2A1;BNIP3;NDRG1;ENO1;ALDOA;PGK1;HK2;PFKP
51	fibroblast_ecm	12	12	1	COL1A1;COL1A2;COL3A1;COL5A1;COL5A2;DCN;LUM;C7;CTHRC1;FAP;POSTN;THY1
51	endothelial_angiogenic	10	10	1	PECAM1;VWF;EMCN;KDR;ESAM;ENG;PLVAP;ACKR1;RGCC;CA4
51	malignant_epithelial	8	8	1	EPCAM;KRT8;KRT18;KRT19;KRT17;KRT5;KRT14;TACSTD2
51	cd8_cytotoxic	8	8	1	CD3D;CD3E;CD8A;CD8B;NKG7;GNLY;GZMB;PRF1
51	treg	5	5	1	FOXP3;IL2RA;CTLA4;TIGIT;IKZF2
51	tcell_exhaustion	7	7	1	PDCD1;HAVCR2;LAG3;TIGIT;CTLA4;TOX;ENTPD1
51	tcell_ifng_response	6	6	1	IFNG;CXCL9;CXCL10;STAT1;IRF1;GBP1
51	tcell_progenitor	6	6	1	TCF7;LEF1;IL7R;CCR7;LTB;SLAMF6
52	P4_primary	13	13	1	CD36;CD52;FABP5;FBP1;FN1;HMOX1;LYZ;MARCO;MT2A;NUPR1;S100A8;SPP1;TIMP1
52	P3_secondary	8	8	1	ACP5;CCL18;CXCL9;FN1;HMOX1;IFI27;LYZ;NUPR1
52	macrophage_identity	5	5	1	C1QA;C1QB;C1QC;CD68;MSR1
52	hypoxia	14	14	1	HIF1A;EGLN1;CA9;VEGFA;LDHA;PDK1;SLC2A1;BNIP3;NDRG1;ENO1;ALDOA;PGK1;HK2;PFKP
52	fibroblast_ecm	12	12	1	COL1A1;COL1A2;COL3A1;COL5A1;COL5A2;DCN;LUM;C7;CTHRC1;FAP;POSTN;THY1
52	endothelial_angiogenic	10	10	1	PECAM1;VWF;EMCN;KDR;ESAM;ENG;PLVAP;ACKR1;RGCC;CA4
52	malignant_epithelial	8	8	1	EPCAM;KRT8;KRT18;KRT19;KRT17;KRT5;KRT14;TACSTD2
52	cd8_cytotoxic	8	8	1	CD3D;CD3E;CD8A;CD8B;NKG7;GNLY;GZMB;PRF1
52	treg	5	5	1	FOXP3;IL2RA;CTLA4;TIGIT;IKZF2
52	tcell_exhaustion	7	7	1	PDCD1;HAVCR2;LAG3;TIGIT;CTLA4;TOX;ENTPD1
52	tcell_ifng_response	6	6	1	IFNG;CXCL9;CXCL10;STAT1;IRF1;GBP1
52	tcell_progenitor	6	6	1	TCF7;LEF1;IL7R;CCR7;LTB;SLAMF6
53	P4_primary	13	13	1	CD36;CD52;FABP5;FBP1;FN1;HMOX1;LYZ;MARCO;MT2A;NUPR1;S100A8;SPP1;TIMP1
53	P3_secondary	8	8	1	ACP5;CCL18;CXCL9;FN1;HMOX1;IFI27;LYZ;NUPR1
53	macrophage_identity	5	5	1	C1QA;C1QB;C1QC;CD68;MSR1
53	hypoxia	14	14	1	HIF1A;EGLN1;CA9;VEGFA;LDHA;PDK1;SLC2A1;BNIP3;NDRG1;ENO1;ALDOA;PGK1;HK2;PFKP
53	fibroblast_ecm	12	12	1	COL1A1;COL1A2;COL3A1;COL5A1;COL5A2;DCN;LUM;C7;CTHRC1;FAP;POSTN;THY1
53	endothelial_angiogenic	10	9	0.9	PECAM1;VWF;EMCN;KDR;ESAM;ENG;PLVAP;ACKR1;RGCC
53	malignant_epithelial	8	8	1	EPCAM;KRT8;KRT18;KRT19;KRT17;KRT5;KRT14;TACSTD2
53	cd8_cytotoxic	8	8	1	CD3D;CD3E;CD8A;CD8B;NKG7;GNLY;GZMB;PRF1
53	treg	5	5	1	FOXP3;IL2RA;CTLA4;TIGIT;IKZF2
53	tcell_exhaustion	7	7	1	PDCD1;HAVCR2;LAG3;TIGIT;CTLA4;TOX;ENTPD1
53	tcell_ifng_response	6	6	1	IFNG;CXCL9;CXCL10;STAT1;IRF1;GBP1
53	tcell_progenitor	6	6	1	TCF7;LEF1;IL7R;CCR7;LTB;SLAMF6
54	P4_primary	13	13	1	CD36;CD52;FABP5;FBP1;FN1;HMOX1;LYZ;MARCO;MT2A;NUPR1;S100A8;SPP1;TIMP1
54	P3_secondary	8	8	1	ACP5;CCL18;CXCL9;FN1;HMOX1;IFI27;LYZ;NUPR1
54	macrophage_identity	5	5	1	C1QA;C1QB;C1QC;CD68;MSR1
54	hypoxia	14	14	1	HIF1A;EGLN1;CA9;VEGFA;LDHA;PDK1;SLC2A1;BNIP3;NDRG1;ENO1;ALDOA;PGK1;HK2;PFKP
54	fibroblast_ecm	12	12	1	COL1A1;COL1A2;COL3A1;COL5A1;COL5A2;DCN;LUM;C7;CTHRC1;FAP;POSTN;THY1
54	endothelial_angiogenic	10	10	1	PECAM1;VWF;EMCN;KDR;ESAM;ENG;PLVAP;ACKR1;RGCC;CA4
54	malignant_epithelial	8	8	1	EPCAM;KRT8;KRT18;KRT19;KRT17;KRT5;KRT14;TACSTD2
54	cd8_cytotoxic	8	8	1	CD3D;CD3E;CD8A;CD8B;NKG7;GNLY;GZMB;PRF1
54	treg	5	5	1	FOXP3;IL2RA;CTLA4;TIGIT;IKZF2
54	tcell_exhaustion	7	7	1	PDCD1;HAVCR2;LAG3;TIGIT;CTLA4;TOX;ENTPD1
54	tcell_ifng_response	6	6	1	IFNG;CXCL9;CXCL10;STAT1;IRF1;GBP1
54	tcell_progenitor	6	6	1	TCF7;LEF1;IL7R;CCR7;LTB;SLAMF6
55	P4_primary	13	13	1	CD36;CD52;FABP5;FBP1;FN1;HMOX1;LYZ;MARCO;MT2A;NUPR1;S100A8;SPP1;TIMP1
55	P3_secondary	8	8	1	ACP5;CCL18;CXCL9;FN1;HMOX1;IFI27;LYZ;NUPR1
55	macrophage_identity	5	5	1	C1QA;C1QB;C1QC;CD68;MSR1
55	hypoxia	14	14	1	HIF1A;EGLN1;CA9;VEGFA;LDHA;PDK1;SLC2A1;BNIP3;NDRG1;ENO1;ALDOA;PGK1;HK2;PFKP
55	fibroblast_ecm	12	11	0.916666666666667	COL1A1;COL1A2;COL3A1;COL5A1;COL5A2;DCN;LUM;CTHRC1;FAP;POSTN;THY1
55	endothelial_angiogenic	10	10	1	PECAM1;VWF;EMCN;KDR;ESAM;ENG;PLVAP;ACKR1;RGCC;CA4
55	malignant_epithelial	8	8	1	EPCAM;KRT8;KRT18;KRT19;KRT17;KRT5;KRT14;TACSTD2
55	cd8_cytotoxic	8	8	1	CD3D;CD3E;CD8A;CD8B;NKG7;GNLY;GZMB;PRF1
55	treg	5	5	1	FOXP3;IL2RA;CTLA4;TIGIT;IKZF2
55	tcell_exhaustion	7	7	1	PDCD1;HAVCR2;LAG3;TIGIT;CTLA4;TOX;ENTPD1
55	tcell_ifng_response	6	5	0.833333333333333	CXCL9;CXCL10;STAT1;IRF1;GBP1
55	tcell_progenitor	6	6	1	TCF7;LEF1;IL7R;CCR7;LTB;SLAMF6
56	P4_primary	13	13	1	CD36;CD52;FABP5;FBP1;FN1;HMOX1;LYZ;MARCO;MT2A;NUPR1;S100A8;SPP1;TIMP1
56	P3_secondary	8	8	1	ACP5;CCL18;CXCL9;FN1;HMOX1;IFI27;LYZ;NUPR1
56	macrophage_identity	5	5	1	C1QA;C1QB;C1QC;CD68;MSR1
56	hypoxia	14	14	1	HIF1A;EGLN1;CA9;VEGFA;LDHA;PDK1;SLC2A1;BNIP3;NDRG1;ENO1;ALDOA;PGK1;HK2;PFKP
56	fibroblast_ecm	12	12	1	COL1A1;COL1A2;COL3A1;COL5A1;COL5A2;DCN;LUM;C7;CTHRC1;FAP;POSTN;THY1
56	endothelial_angiogenic	10	10	1	PECAM1;VWF;EMCN;KDR;ESAM;ENG;PLVAP;ACKR1;RGCC;CA4
56	malignant_epithelial	8	8	1	EPCAM;KRT8;KRT18;KRT19;KRT17;KRT5;KRT14;TACSTD2
56	cd8_cytotoxic	8	8	1	CD3D;CD3E;CD8A;CD8B;NKG7;GNLY;GZMB;PRF1
56	treg	5	5	1	FOXP3;IL2RA;CTLA4;TIGIT;IKZF2
56	tcell_exhaustion	7	7	1	PDCD1;HAVCR2;LAG3;TIGIT;CTLA4;TOX;ENTPD1
56	tcell_ifng_response	6	6	1	IFNG;CXCL9;CXCL10;STAT1;IRF1;GBP1
56	tcell_progenitor	6	6	1	TCF7;LEF1;IL7R;CCR7;LTB;SLAMF6
57	P4_primary	13	13	1	CD36;CD52;FABP5;FBP1;FN1;HMOX1;LYZ;MARCO;MT2A;NUPR1;S100A8;SPP1;TIMP1
57	P3_secondary	8	8	1	ACP5;CCL18;CXCL9;FN1;HMOX1;IFI27;LYZ;NUPR1
57	macrophage_identity	5	5	1	C1QA;C1QB;C1QC;CD68;MSR1
57	hypoxia	14	14	1	HIF1A;EGLN1;CA9;VEGFA;LDHA;PDK1;SLC2A1;BNIP3;NDRG1;ENO1;ALDOA;PGK1;HK2;PFKP
57	fibroblast_ecm	12	12	1	COL1A1;COL1A2;COL3A1;COL5A1;COL5A2;DCN;LUM;C7;CTHRC1;FAP;POSTN;THY1
57	endothelial_angiogenic	10	10	1	PECAM1;VWF;EMCN;KDR;ESAM;ENG;PLVAP;ACKR1;RGCC;CA4
57	malignant_epithelial	8	8	1	EPCAM;KRT8;KRT18;KRT19;KRT17;KRT5;KRT14;TACSTD2
57	cd8_cytotoxic	8	8	1	CD3D;CD3E;CD8A;CD8B;NKG7;GNLY;GZMB;PRF1
57	treg	5	5	1	FOXP3;IL2RA;CTLA4;TIGIT;IKZF2
57	tcell_exhaustion	7	7	1	PDCD1;HAVCR2;LAG3;TIGIT;CTLA4;TOX;ENTPD1
57	tcell_ifng_response	6	6	1	IFNG;CXCL9;CXCL10;STAT1;IRF1;GBP1
57	tcell_progenitor	6	6	1	TCF7;LEF1;IL7R;CCR7;LTB;SLAMF6
58	P4_primary	13	13	1	CD36;CD52;FABP5;FBP1;FN1;HMOX1;LYZ;MARCO;MT2A;NUPR1;S100A8;SPP1;TIMP1
58	P3_secondary	8	8	1	ACP5;CCL18;CXCL9;FN1;HMOX1;IFI27;LYZ;NUPR1
58	macrophage_identity	5	5	1	C1QA;C1QB;C1QC;CD68;MSR1
58	hypoxia	14	14	1	HIF1A;EGLN1;CA9;VEGFA;LDHA;PDK1;SLC2A1;BNIP3;NDRG1;ENO1;ALDOA;PGK1;HK2;PFKP
58	fibroblast_ecm	12	12	1	COL1A1;COL1A2;COL3A1;COL5A1;COL5A2;DCN;LUM;C7;CTHRC1;FAP;POSTN;THY1
58	endothelial_angiogenic	10	10	1	PECAM1;VWF;EMCN;KDR;ESAM;ENG;PLVAP;ACKR1;RGCC;CA4
58	malignant_epithelial	8	8	1	EPCAM;KRT8;KRT18;KRT19;KRT17;KRT5;KRT14;TACSTD2
58	cd8_cytotoxic	8	8	1	CD3D;CD3E;CD8A;CD8B;NKG7;GNLY;GZMB;PRF1
58	treg	5	5	1	FOXP3;IL2RA;CTLA4;TIGIT;IKZF2
58	tcell_exhaustion	7	7	1	PDCD1;HAVCR2;LAG3;TIGIT;CTLA4;TOX;ENTPD1
58	tcell_ifng_response	6	6	1	IFNG;CXCL9;CXCL10;STAT1;IRF1;GBP1
58	tcell_progenitor	6	6	1	TCF7;LEF1;IL7R;CCR7;LTB;SLAMF6
59	P4_primary	13	13	1	CD36;CD52;FABP5;FBP1;FN1;HMOX1;LYZ;MARCO;MT2A;NUPR1;S100A8;SPP1;TIMP1
59	P3_secondary	8	8	1	ACP5;CCL18;CXCL9;FN1;HMOX1;IFI27;LYZ;NUPR1
59	macrophage_identity	5	5	1	C1QA;C1QB;C1QC;CD68;MSR1
59	hypoxia	14	14	1	HIF1A;EGLN1;CA9;VEGFA;LDHA;PDK1;SLC2A1;BNIP3;NDRG1;ENO1;ALDOA;PGK1;HK2;PFKP
59	fibroblast_ecm	12	12	1	COL1A1;COL1A2;COL3A1;COL5A1;COL5A2;DCN;LUM;C7;CTHRC1;FAP;POSTN;THY1
59	endothelial_angiogenic	10	9	0.9	PECAM1;VWF;EMCN;KDR;ESAM;ENG;PLVAP;ACKR1;RGCC
59	malignant_epithelial	8	8	1	EPCAM;KRT8;KRT18;KRT19;KRT17;KRT5;KRT14;TACSTD2
59	cd8_cytotoxic	8	8	1	CD3D;CD3E;CD8A;CD8B;NKG7;GNLY;GZMB;PRF1
59	treg	5	5	1	FOXP3;IL2RA;CTLA4;TIGIT;IKZF2
59	tcell_exhaustion	7	7	1	PDCD1;HAVCR2;LAG3;TIGIT;CTLA4;TOX;ENTPD1
59	tcell_ifng_response	6	5	0.833333333333333	CXCL9;CXCL10;STAT1;IRF1;GBP1
59	tcell_progenitor	6	6	1	TCF7;LEF1;IL7R;CCR7;LTB;SLAMF6
60	P4_primary	13	13	1	CD36;CD52;FABP5;FBP1;FN1;HMOX1;LYZ;MARCO;MT2A;NUPR1;S100A8;SPP1;TIMP1
60	P3_secondary	8	8	1	ACP5;CCL18;CXCL9;FN1;HMOX1;IFI27;LYZ;NUPR1
60	macrophage_identity	5	5	1	C1QA;C1QB;C1QC;CD68;MSR1
60	hypoxia	14	14	1	HIF1A;EGLN1;CA9;VEGFA;LDHA;PDK1;SLC2A1;BNIP3;NDRG1;ENO1;ALDOA;PGK1;HK2;PFKP
60	fibroblast_ecm	12	11	0.916666666666667	COL1A1;COL1A2;COL3A1;COL5A1;COL5A2;DCN;LUM;CTHRC1;FAP;POSTN;THY1
60	endothelial_angiogenic	10	9	0.9	PECAM1;VWF;EMCN;KDR;ESAM;ENG;PLVAP;ACKR1;RGCC
60	malignant_epithelial	8	8	1	EPCAM;KRT8;KRT18;KRT19;KRT17;KRT5;KRT14;TACSTD2
60	cd8_cytotoxic	8	8	1	CD3D;CD3E;CD8A;CD8B;NKG7;GNLY;GZMB;PRF1
60	treg	5	5	1	FOXP3;IL2RA;CTLA4;TIGIT;IKZF2
60	tcell_exhaustion	7	7	1	PDCD1;HAVCR2;LAG3;TIGIT;CTLA4;TOX;ENTPD1
60	tcell_ifng_response	6	6	1	IFNG;CXCL9;CXCL10;STAT1;IRF1;GBP1
60	tcell_progenitor	6	6	1	TCF7;LEF1;IL7R;CCR7;LTB;SLAMF6
61	P4_primary	13	13	1	CD36;CD52;FABP5;FBP1;FN1;HMOX1;LYZ;MARCO;MT2A;NUPR1;S100A8;SPP1;TIMP1
61	P3_secondary	8	8	1	ACP5;CCL18;CXCL9;FN1;HMOX1;IFI27;LYZ;NUPR1
61	macrophage_identity	5	5	1	C1QA;C1QB;C1QC;CD68;MSR1
61	hypoxia	14	14	1	HIF1A;EGLN1;CA9;VEGFA;LDHA;PDK1;SLC2A1;BNIP3;NDRG1;ENO1;ALDOA;PGK1;HK2;PFKP
61	fibroblast_ecm	12	12	1	COL1A1;COL1A2;COL3A1;COL5A1;COL5A2;DCN;LUM;C7;CTHRC1;FAP;POSTN;THY1
61	endothelial_angiogenic	10	10	1	PECAM1;VWF;EMCN;KDR;ESAM;ENG;PLVAP;ACKR1;RGCC;CA4
61	malignant_epithelial	8	8	1	EPCAM;KRT8;KRT18;KRT19;KRT17;KRT5;KRT14;TACSTD2
61	cd8_cytotoxic	8	8	1	CD3D;CD3E;CD8A;CD8B;NKG7;GNLY;GZMB;PRF1
61	treg	5	5	1	FOXP3;IL2RA;CTLA4;TIGIT;IKZF2
61	tcell_exhaustion	7	7	1	PDCD1;HAVCR2;LAG3;TIGIT;CTLA4;TOX;ENTPD1
61	tcell_ifng_response	6	6	1	IFNG;CXCL9;CXCL10;STAT1;IRF1;GBP1
61	tcell_progenitor	6	6	1	TCF7;LEF1;IL7R;CCR7;LTB;SLAMF6
62	P4_primary	13	13	1	CD36;CD52;FABP5;FBP1;FN1;HMOX1;LYZ;MARCO;MT2A;NUPR1;S100A8;SPP1;TIMP1
62	P3_secondary	8	8	1	ACP5;CCL18;CXCL9;FN1;HMOX1;IFI27;LYZ;NUPR1
62	macrophage_identity	5	5	1	C1QA;C1QB;C1QC;CD68;MSR1
62	hypoxia	14	14	1	HIF1A;EGLN1;CA9;VEGFA;LDHA;PDK1;SLC2A1;BNIP3;NDRG1;ENO1;ALDOA;PGK1;HK2;PFKP
62	fibroblast_ecm	12	12	1	COL1A1;COL1A2;COL3A1;COL5A1;COL5A2;DCN;LUM;C7;CTHRC1;FAP;POSTN;THY1
62	endothelial_angiogenic	10	10	1	PECAM1;VWF;EMCN;KDR;ESAM;ENG;PLVAP;ACKR1;RGCC;CA4
62	malignant_epithelial	8	8	1	EPCAM;KRT8;KRT18;KRT19;KRT17;KRT5;KRT14;TACSTD2
62	cd8_cytotoxic	8	8	1	CD3D;CD3E;CD8A;CD8B;NKG7;GNLY;GZMB;PRF1
62	treg	5	5	1	FOXP3;IL2RA;CTLA4;TIGIT;IKZF2
62	tcell_exhaustion	7	7	1	PDCD1;HAVCR2;LAG3;TIGIT;CTLA4;TOX;ENTPD1
62	tcell_ifng_response	6	6	1	IFNG;CXCL9;CXCL10;STAT1;IRF1;GBP1
62	tcell_progenitor	6	6	1	TCF7;LEF1;IL7R;CCR7;LTB;SLAMF6
63	P4_primary	13	13	1	CD36;CD52;FABP5;FBP1;FN1;HMOX1;LYZ;MARCO;MT2A;NUPR1;S100A8;SPP1;TIMP1
63	P3_secondary	8	8	1	ACP5;CCL18;CXCL9;FN1;HMOX1;IFI27;LYZ;NUPR1
63	macrophage_identity	5	5	1	C1QA;C1QB;C1QC;CD68;MSR1
63	hypoxia	14	14	1	HIF1A;EGLN1;CA9;VEGFA;LDHA;PDK1;SLC2A1;BNIP3;NDRG1;ENO1;ALDOA;PGK1;HK2;PFKP
63	fibroblast_ecm	12	12	1	COL1A1;COL1A2;COL3A1;COL5A1;COL5A2;DCN;LUM;C7;CTHRC1;FAP;POSTN;THY1
63	endothelial_angiogenic	10	10	1	PECAM1;VWF;EMCN;KDR;ESAM;ENG;PLVAP;ACKR1;RGCC;CA4
63	malignant_epithelial	8	8	1	EPCAM;KRT8;KRT18;KRT19;KRT17;KRT5;KRT14;TACSTD2
63	cd8_cytotoxic	8	8	1	CD3D;CD3E;CD8A;CD8B;NKG7;GNLY;GZMB;PRF1
63	treg	5	5	1	FOXP3;IL2RA;CTLA4;TIGIT;IKZF2
63	tcell_exhaustion	7	7	1	PDCD1;HAVCR2;LAG3;TIGIT;CTLA4;TOX;ENTPD1
63	tcell_ifng_response	6	6	1	IFNG;CXCL9;CXCL10;STAT1;IRF1;GBP1
63	tcell_progenitor	6	6	1	TCF7;LEF1;IL7R;CCR7;LTB;SLAMF6
64	P4_primary	13	13	1	CD36;CD52;FABP5;FBP1;FN1;HMOX1;LYZ;MARCO;MT2A;NUPR1;S100A8;SPP1;TIMP1
64	P3_secondary	8	8	1	ACP5;CCL18;CXCL9;FN1;HMOX1;IFI27;LYZ;NUPR1
64	macrophage_identity	5	5	1	C1QA;C1QB;C1QC;CD68;MSR1
64	hypoxia	14	14	1	HIF1A;EGLN1;CA9;VEGFA;LDHA;PDK1;SLC2A1;BNIP3;NDRG1;ENO1;ALDOA;PGK1;HK2;PFKP
64	fibroblast_ecm	12	12	1	COL1A1;COL1A2;COL3A1;COL5A1;COL5A2;DCN;LUM;C7;CTHRC1;FAP;POSTN;THY1
64	endothelial_angiogenic	10	10	1	PECAM1;VWF;EMCN;KDR;ESAM;ENG;PLVAP;ACKR1;RGCC;CA4
64	malignant_epithelial	8	8	1	EPCAM;KRT8;KRT18;KRT19;KRT17;KRT5;KRT14;TACSTD2
64	cd8_cytotoxic	8	8	1	CD3D;CD3E;CD8A;CD8B;NKG7;GNLY;GZMB;PRF1
64	treg	5	5	1	FOXP3;IL2RA;CTLA4;TIGIT;IKZF2
64	tcell_exhaustion	7	7	1	PDCD1;HAVCR2;LAG3;TIGIT;CTLA4;TOX;ENTPD1
64	tcell_ifng_response	6	6	1	IFNG;CXCL9;CXCL10;STAT1;IRF1;GBP1
64	tcell_progenitor	6	6	1	TCF7;LEF1;IL7R;CCR7;LTB;SLAMF6
65	P4_primary	13	13	1	CD36;CD52;FABP5;FBP1;FN1;HMOX1;LYZ;MARCO;MT2A;NUPR1;S100A8;SPP1;TIMP1
65	P3_secondary	8	8	1	ACP5;CCL18;CXCL9;FN1;HMOX1;IFI27;LYZ;NUPR1
65	macrophage_identity	5	5	1	C1QA;C1QB;C1QC;CD68;MSR1
65	hypoxia	14	14	1	HIF1A;EGLN1;CA9;VEGFA;LDHA;PDK1;SLC2A1;BNIP3;NDRG1;ENO1;ALDOA;PGK1;HK2;PFKP
65	fibroblast_ecm	12	12	1	COL1A1;COL1A2;COL3A1;COL5A1;COL5A2;DCN;LUM;C7;CTHRC1;FAP;POSTN;THY1
65	endothelial_angiogenic	10	10	1	PECAM1;VWF;EMCN;KDR;ESAM;ENG;PLVAP;ACKR1;RGCC;CA4
65	malignant_epithelial	8	8	1	EPCAM;KRT8;KRT18;KRT19;KRT17;KRT5;KRT14;TACSTD2
65	cd8_cytotoxic	8	8	1	CD3D;CD3E;CD8A;CD8B;NKG7;GNLY;GZMB;PRF1
65	treg	5	5	1	FOXP3;IL2RA;CTLA4;TIGIT;IKZF2
65	tcell_exhaustion	7	7	1	PDCD1;HAVCR2;LAG3;TIGIT;CTLA4;TOX;ENTPD1
65	tcell_ifng_response	6	6	1	IFNG;CXCL9;CXCL10;STAT1;IRF1;GBP1
65	tcell_progenitor	6	6	1	TCF7;LEF1;IL7R;CCR7;LTB;SLAMF6
66	P4_primary	13	13	1	CD36;CD52;FABP5;FBP1;FN1;HMOX1;LYZ;MARCO;MT2A;NUPR1;S100A8;SPP1;TIMP1
66	P3_secondary	8	8	1	ACP5;CCL18;CXCL9;FN1;HMOX1;IFI27;LYZ;NUPR1
66	macrophage_identity	5	5	1	C1QA;C1QB;C1QC;CD68;MSR1
66	hypoxia	14	14	1	HIF1A;EGLN1;CA9;VEGFA;LDHA;PDK1;SLC2A1;BNIP3;NDRG1;ENO1;ALDOA;PGK1;HK2;PFKP
66	fibroblast_ecm	12	12	1	COL1A1;COL1A2;COL3A1;COL5A1;COL5A2;DCN;LUM;C7;CTHRC1;FAP;POSTN;THY1
66	endothelial_angiogenic	10	10	1	PECAM1;VWF;EMCN;KDR;ESAM;ENG;PLVAP;ACKR1;RGCC;CA4
66	malignant_epithelial	8	8	1	EPCAM;KRT8;KRT18;KRT19;KRT17;KRT5;KRT14;TACSTD2
66	cd8_cytotoxic	8	8	1	CD3D;CD3E;CD8A;CD8B;NKG7;GNLY;GZMB;PRF1
66	treg	5	5	1	FOXP3;IL2RA;CTLA4;TIGIT;IKZF2
66	tcell_exhaustion	7	7	1	PDCD1;HAVCR2;LAG3;TIGIT;CTLA4;TOX;ENTPD1
66	tcell_ifng_response	6	6	1	IFNG;CXCL9;CXCL10;STAT1;IRF1;GBP1
66	tcell_progenitor	6	6	1	TCF7;LEF1;IL7R;CCR7;LTB;SLAMF6
67	P4_primary	13	13	1	CD36;CD52;FABP5;FBP1;FN1;HMOX1;LYZ;MARCO;MT2A;NUPR1;S100A8;SPP1;TIMP1
67	P3_secondary	8	8	1	ACP5;CCL18;CXCL9;FN1;HMOX1;IFI27;LYZ;NUPR1
67	macrophage_identity	5	5	1	C1QA;C1QB;C1QC;CD68;MSR1
67	hypoxia	14	14	1	HIF1A;EGLN1;CA9;VEGFA;LDHA;PDK1;SLC2A1;BNIP3;NDRG1;ENO1;ALDOA;PGK1;HK2;PFKP
67	fibroblast_ecm	12	12	1	COL1A1;COL1A2;COL3A1;COL5A1;COL5A2;DCN;LUM;C7;CTHRC1;FAP;POSTN;THY1
67	endothelial_angiogenic	10	10	1	PECAM1;VWF;EMCN;KDR;ESAM;ENG;PLVAP;ACKR1;RGCC;CA4
67	malignant_epithelial	8	8	1	EPCAM;KRT8;KRT18;KRT19;KRT17;KRT5;KRT14;TACSTD2
67	cd8_cytotoxic	8	8	1	CD3D;CD3E;CD8A;CD8B;NKG7;GNLY;GZMB;PRF1
67	treg	5	5	1	FOXP3;IL2RA;CTLA4;TIGIT;IKZF2
67	tcell_exhaustion	7	7	1	PDCD1;HAVCR2;LAG3;TIGIT;CTLA4;TOX;ENTPD1
67	tcell_ifng_response	6	6	1	IFNG;CXCL9;CXCL10;STAT1;IRF1;GBP1
67	tcell_progenitor	6	6	1	TCF7;LEF1;IL7R;CCR7;LTB;SLAMF6
68	P4_primary	13	13	1	CD36;CD52;FABP5;FBP1;FN1;HMOX1;LYZ;MARCO;MT2A;NUPR1;S100A8;SPP1;TIMP1
68	P3_secondary	8	8	1	ACP5;CCL18;CXCL9;FN1;HMOX1;IFI27;LYZ;NUPR1
68	macrophage_identity	5	5	1	C1QA;C1QB;C1QC;CD68;MSR1
68	hypoxia	14	14	1	HIF1A;EGLN1;CA9;VEGFA;LDHA;PDK1;SLC2A1;BNIP3;NDRG1;ENO1;ALDOA;PGK1;HK2;PFKP
68	fibroblast_ecm	12	11	0.916666666666667	COL1A1;COL1A2;COL3A1;COL5A1;COL5A2;DCN;LUM;CTHRC1;FAP;POSTN;THY1
68	endothelial_angiogenic	10	9	0.9	PECAM1;VWF;EMCN;KDR;ESAM;ENG;PLVAP;ACKR1;RGCC
68	malignant_epithelial	8	8	1	EPCAM;KRT8;KRT18;KRT19;KRT17;KRT5;KRT14;TACSTD2
68	cd8_cytotoxic	8	8	1	CD3D;CD3E;CD8A;CD8B;NKG7;GNLY;GZMB;PRF1
68	treg	5	5	1	FOXP3;IL2RA;CTLA4;TIGIT;IKZF2
68	tcell_exhaustion	7	7	1	PDCD1;HAVCR2;LAG3;TIGIT;CTLA4;TOX;ENTPD1
68	tcell_ifng_response	6	5	0.833333333333333	CXCL9;CXCL10;STAT1;IRF1;GBP1
68	tcell_progenitor	6	6	1	TCF7;LEF1;IL7R;CCR7;LTB;SLAMF6
96	P4_primary	13	13	1	CD36;CD52;FABP5;FBP1;FN1;HMOX1;LYZ;MARCO;MT2A;NUPR1;S100A8;SPP1;TIMP1
96	P3_secondary	8	8	1	ACP5;CCL18;CXCL9;FN1;HMOX1;IFI27;LYZ;NUPR1
96	macrophage_identity	5	5	1	C1QA;C1QB;C1QC;CD68;MSR1
96	hypoxia	14	14	1	HIF1A;EGLN1;CA9;VEGFA;LDHA;PDK1;SLC2A1;BNIP3;NDRG1;ENO1;ALDOA;PGK1;HK2;PFKP
96	fibroblast_ecm	12	12	1	COL1A1;COL1A2;COL3A1;COL5A1;COL5A2;DCN;LUM;C7;CTHRC1;FAP;POSTN;THY1
96	endothelial_angiogenic	10	10	1	PECAM1;VWF;EMCN;KDR;ESAM;ENG;PLVAP;ACKR1;RGCC;CA4
96	malignant_epithelial	8	8	1	EPCAM;KRT8;KRT18;KRT19;KRT17;KRT5;KRT14;TACSTD2
96	cd8_cytotoxic	8	8	1	CD3D;CD3E;CD8A;CD8B;NKG7;GNLY;GZMB;PRF1
96	treg	5	5	1	FOXP3;IL2RA;CTLA4;TIGIT;IKZF2
96	tcell_exhaustion	7	7	1	PDCD1;HAVCR2;LAG3;TIGIT;CTLA4;TOX;ENTPD1
96	tcell_ifng_response	6	6	1	IFNG;CXCL9;CXCL10;STAT1;IRF1;GBP1
96	tcell_progenitor	6	6	1	TCF7;LEF1;IL7R;CCR7;LTB;SLAMF6
69	P4_primary	13	13	1	CD36;CD52;FABP5;FBP1;FN1;HMOX1;LYZ;MARCO;MT2A;NUPR1;S100A8;SPP1;TIMP1
69	P3_secondary	8	8	1	ACP5;CCL18;CXCL9;FN1;HMOX1;IFI27;LYZ;NUPR1
69	macrophage_identity	5	5	1	C1QA;C1QB;C1QC;CD68;MSR1
69	hypoxia	14	14	1	HIF1A;EGLN1;CA9;VEGFA;LDHA;PDK1;SLC2A1;BNIP3;NDRG1;ENO1;ALDOA;PGK1;HK2;PFKP
69	fibroblast_ecm	12	12	1	COL1A1;COL1A2;COL3A1;COL5A1;COL5A2;DCN;LUM;C7;CTHRC1;FAP;POSTN;THY1
69	endothelial_angiogenic	10	10	1	PECAM1;VWF;EMCN;KDR;ESAM;ENG;PLVAP;ACKR1;RGCC;CA4
69	malignant_epithelial	8	8	1	EPCAM;KRT8;KRT18;KRT19;KRT17;KRT5;KRT14;TACSTD2
69	cd8_cytotoxic	8	8	1	CD3D;CD3E;CD8A;CD8B;NKG7;GNLY;GZMB;PRF1
69	treg	5	5	1	FOXP3;IL2RA;CTLA4;TIGIT;IKZF2
69	tcell_exhaustion	7	7	1	PDCD1;HAVCR2;LAG3;TIGIT;CTLA4;TOX;ENTPD1
69	tcell_ifng_response	6	6	1	IFNG;CXCL9;CXCL10;STAT1;IRF1;GBP1
69	tcell_progenitor	6	6	1	TCF7;LEF1;IL7R;CCR7;LTB;SLAMF6
70	P4_primary	13	13	1	CD36;CD52;FABP5;FBP1;FN1;HMOX1;LYZ;MARCO;MT2A;NUPR1;S100A8;SPP1;TIMP1
70	P3_secondary	8	8	1	ACP5;CCL18;CXCL9;FN1;HMOX1;IFI27;LYZ;NUPR1
70	macrophage_identity	5	5	1	C1QA;C1QB;C1QC;CD68;MSR1
70	hypoxia	14	13	0.928571428571429	HIF1A;EGLN1;VEGFA;LDHA;PDK1;SLC2A1;BNIP3;NDRG1;ENO1;ALDOA;PGK1;HK2;PFKP
70	fibroblast_ecm	12	12	1	COL1A1;COL1A2;COL3A1;COL5A1;COL5A2;DCN;LUM;C7;CTHRC1;FAP;POSTN;THY1
70	endothelial_angiogenic	10	10	1	PECAM1;VWF;EMCN;KDR;ESAM;ENG;PLVAP;ACKR1;RGCC;CA4
70	malignant_epithelial	8	8	1	EPCAM;KRT8;KRT18;KRT19;KRT17;KRT5;KRT14;TACSTD2
70	cd8_cytotoxic	8	8	1	CD3D;CD3E;CD8A;CD8B;NKG7;GNLY;GZMB;PRF1
70	treg	5	5	1	FOXP3;IL2RA;CTLA4;TIGIT;IKZF2
70	tcell_exhaustion	7	7	1	PDCD1;HAVCR2;LAG3;TIGIT;CTLA4;TOX;ENTPD1
70	tcell_ifng_response	6	6	1	IFNG;CXCL9;CXCL10;STAT1;IRF1;GBP1
70	tcell_progenitor	6	6	1	TCF7;LEF1;IL7R;CCR7;LTB;SLAMF6
71	P4_primary	13	13	1	CD36;CD52;FABP5;FBP1;FN1;HMOX1;LYZ;MARCO;MT2A;NUPR1;S100A8;SPP1;TIMP1
71	P3_secondary	8	8	1	ACP5;CCL18;CXCL9;FN1;HMOX1;IFI27;LYZ;NUPR1
71	macrophage_identity	5	5	1	C1QA;C1QB;C1QC;CD68;MSR1
71	hypoxia	14	14	1	HIF1A;EGLN1;CA9;VEGFA;LDHA;PDK1;SLC2A1;BNIP3;NDRG1;ENO1;ALDOA;PGK1;HK2;PFKP
71	fibroblast_ecm	12	12	1	COL1A1;COL1A2;COL3A1;COL5A1;COL5A2;DCN;LUM;C7;CTHRC1;FAP;POSTN;THY1
71	endothelial_angiogenic	10	10	1	PECAM1;VWF;EMCN;KDR;ESAM;ENG;PLVAP;ACKR1;RGCC;CA4
71	malignant_epithelial	8	8	1	EPCAM;KRT8;KRT18;KRT19;KRT17;KRT5;KRT14;TACSTD2
71	cd8_cytotoxic	8	8	1	CD3D;CD3E;CD8A;CD8B;NKG7;GNLY;GZMB;PRF1
71	treg	5	5	1	FOXP3;IL2RA;CTLA4;TIGIT;IKZF2
71	tcell_exhaustion	7	7	1	PDCD1;HAVCR2;LAG3;TIGIT;CTLA4;TOX;ENTPD1
71	tcell_ifng_response	6	6	1	IFNG;CXCL9;CXCL10;STAT1;IRF1;GBP1
71	tcell_progenitor	6	6	1	TCF7;LEF1;IL7R;CCR7;LTB;SLAMF6
72	P4_primary	13	13	1	CD36;CD52;FABP5;FBP1;FN1;HMOX1;LYZ;MARCO;MT2A;NUPR1;S100A8;SPP1;TIMP1
72	P3_secondary	8	8	1	ACP5;CCL18;CXCL9;FN1;HMOX1;IFI27;LYZ;NUPR1
72	macrophage_identity	5	5	1	C1QA;C1QB;C1QC;CD68;MSR1
72	hypoxia	14	14	1	HIF1A;EGLN1;CA9;VEGFA;LDHA;PDK1;SLC2A1;BNIP3;NDRG1;ENO1;ALDOA;PGK1;HK2;PFKP
72	fibroblast_ecm	12	12	1	COL1A1;COL1A2;COL3A1;COL5A1;COL5A2;DCN;LUM;C7;CTHRC1;FAP;POSTN;THY1
72	endothelial_angiogenic	10	10	1	PECAM1;VWF;EMCN;KDR;ESAM;ENG;PLVAP;ACKR1;RGCC;CA4
72	malignant_epithelial	8	8	1	EPCAM;KRT8;KRT18;KRT19;KRT17;KRT5;KRT14;TACSTD2
72	cd8_cytotoxic	8	8	1	CD3D;CD3E;CD8A;CD8B;NKG7;GNLY;GZMB;PRF1
72	treg	5	5	1	FOXP3;IL2RA;CTLA4;TIGIT;IKZF2
72	tcell_exhaustion	7	7	1	PDCD1;HAVCR2;LAG3;TIGIT;CTLA4;TOX;ENTPD1
72	tcell_ifng_response	6	6	1	IFNG;CXCL9;CXCL10;STAT1;IRF1;GBP1
72	tcell_progenitor	6	6	1	TCF7;LEF1;IL7R;CCR7;LTB;SLAMF6
73	P4_primary	13	13	1	CD36;CD52;FABP5;FBP1;FN1;HMOX1;LYZ;MARCO;MT2A;NUPR1;S100A8;SPP1;TIMP1
73	P3_secondary	8	8	1	ACP5;CCL18;CXCL9;FN1;HMOX1;IFI27;LYZ;NUPR1
73	macrophage_identity	5	5	1	C1QA;C1QB;C1QC;CD68;MSR1
73	hypoxia	14	14	1	HIF1A;EGLN1;CA9;VEGFA;LDHA;PDK1;SLC2A1;BNIP3;NDRG1;ENO1;ALDOA;PGK1;HK2;PFKP
73	fibroblast_ecm	12	12	1	COL1A1;COL1A2;COL3A1;COL5A1;COL5A2;DCN;LUM;C7;CTHRC1;FAP;POSTN;THY1
73	endothelial_angiogenic	10	10	1	PECAM1;VWF;EMCN;KDR;ESAM;ENG;PLVAP;ACKR1;RGCC;CA4
73	malignant_epithelial	8	8	1	EPCAM;KRT8;KRT18;KRT19;KRT17;KRT5;KRT14;TACSTD2
73	cd8_cytotoxic	8	8	1	CD3D;CD3E;CD8A;CD8B;NKG7;GNLY;GZMB;PRF1
73	treg	5	5	1	FOXP3;IL2RA;CTLA4;TIGIT;IKZF2
73	tcell_exhaustion	7	7	1	PDCD1;HAVCR2;LAG3;TIGIT;CTLA4;TOX;ENTPD1
73	tcell_ifng_response	6	6	1	IFNG;CXCL9;CXCL10;STAT1;IRF1;GBP1
73	tcell_progenitor	6	6	1	TCF7;LEF1;IL7R;CCR7;LTB;SLAMF6
74	P4_primary	13	13	1	CD36;CD52;FABP5;FBP1;FN1;HMOX1;LYZ;MARCO;MT2A;NUPR1;S100A8;SPP1;TIMP1
74	P3_secondary	8	8	1	ACP5;CCL18;CXCL9;FN1;HMOX1;IFI27;LYZ;NUPR1
74	macrophage_identity	5	5	1	C1QA;C1QB;C1QC;CD68;MSR1
74	hypoxia	14	14	1	HIF1A;EGLN1;CA9;VEGFA;LDHA;PDK1;SLC2A1;BNIP3;NDRG1;ENO1;ALDOA;PGK1;HK2;PFKP
74	fibroblast_ecm	12	12	1	COL1A1;COL1A2;COL3A1;COL5A1;COL5A2;DCN;LUM;C7;CTHRC1;FAP;POSTN;THY1
74	endothelial_angiogenic	10	10	1	PECAM1;VWF;EMCN;KDR;ESAM;ENG;PLVAP;ACKR1;RGCC;CA4
74	malignant_epithelial	8	8	1	EPCAM;KRT8;KRT18;KRT19;KRT17;KRT5;KRT14;TACSTD2
74	cd8_cytotoxic	8	8	1	CD3D;CD3E;CD8A;CD8B;NKG7;GNLY;GZMB;PRF1
74	treg	5	5	1	FOXP3;IL2RA;CTLA4;TIGIT;IKZF2
74	tcell_exhaustion	7	7	1	PDCD1;HAVCR2;LAG3;TIGIT;CTLA4;TOX;ENTPD1
74	tcell_ifng_response	6	6	1	IFNG;CXCL9;CXCL10;STAT1;IRF1;GBP1
74	tcell_progenitor	6	6	1	TCF7;LEF1;IL7R;CCR7;LTB;SLAMF6
75	P4_primary	13	13	1	CD36;CD52;FABP5;FBP1;FN1;HMOX1;LYZ;MARCO;MT2A;NUPR1;S100A8;SPP1;TIMP1
75	P3_secondary	8	8	1	ACP5;CCL18;CXCL9;FN1;HMOX1;IFI27;LYZ;NUPR1
75	macrophage_identity	5	5	1	C1QA;C1QB;C1QC;CD68;MSR1
75	hypoxia	14	14	1	HIF1A;EGLN1;CA9;VEGFA;LDHA;PDK1;SLC2A1;BNIP3;NDRG1;ENO1;ALDOA;PGK1;HK2;PFKP
75	fibroblast_ecm	12	12	1	COL1A1;COL1A2;COL3A1;COL5A1;COL5A2;DCN;LUM;C7;CTHRC1;FAP;POSTN;THY1
75	endothelial_angiogenic	10	10	1	PECAM1;VWF;EMCN;KDR;ESAM;ENG;PLVAP;ACKR1;RGCC;CA4
75	malignant_epithelial	8	8	1	EPCAM;KRT8;KRT18;KRT19;KRT17;KRT5;KRT14;TACSTD2
75	cd8_cytotoxic	8	8	1	CD3D;CD3E;CD8A;CD8B;NKG7;GNLY;GZMB;PRF1
75	treg	5	5	1	FOXP3;IL2RA;CTLA4;TIGIT;IKZF2
75	tcell_exhaustion	7	7	1	PDCD1;HAVCR2;LAG3;TIGIT;CTLA4;TOX;ENTPD1
75	tcell_ifng_response	6	5	0.833333333333333	CXCL9;CXCL10;STAT1;IRF1;GBP1
75	tcell_progenitor	6	6	1	TCF7;LEF1;IL7R;CCR7;LTB;SLAMF6
76	P4_primary	13	13	1	CD36;CD52;FABP5;FBP1;FN1;HMOX1;LYZ;MARCO;MT2A;NUPR1;S100A8;SPP1;TIMP1
76	P3_secondary	8	8	1	ACP5;CCL18;CXCL9;FN1;HMOX1;IFI27;LYZ;NUPR1
76	macrophage_identity	5	5	1	C1QA;C1QB;C1QC;CD68;MSR1
76	hypoxia	14	14	1	HIF1A;EGLN1;CA9;VEGFA;LDHA;PDK1;SLC2A1;BNIP3;NDRG1;ENO1;ALDOA;PGK1;HK2;PFKP
76	fibroblast_ecm	12	12	1	COL1A1;COL1A2;COL3A1;COL5A1;COL5A2;DCN;LUM;C7;CTHRC1;FAP;POSTN;THY1
76	endothelial_angiogenic	10	10	1	PECAM1;VWF;EMCN;KDR;ESAM;ENG;PLVAP;ACKR1;RGCC;CA4
76	malignant_epithelial	8	7	0.875	EPCAM;KRT8;KRT18;KRT19;KRT17;KRT5;TACSTD2
76	cd8_cytotoxic	8	8	1	CD3D;CD3E;CD8A;CD8B;NKG7;GNLY;GZMB;PRF1
76	treg	5	5	1	FOXP3;IL2RA;CTLA4;TIGIT;IKZF2
76	tcell_exhaustion	7	7	1	PDCD1;HAVCR2;LAG3;TIGIT;CTLA4;TOX;ENTPD1
76	tcell_ifng_response	6	6	1	IFNG;CXCL9;CXCL10;STAT1;IRF1;GBP1
76	tcell_progenitor	6	6	1	TCF7;LEF1;IL7R;CCR7;LTB;SLAMF6
77	P4_primary	13	13	1	CD36;CD52;FABP5;FBP1;FN1;HMOX1;LYZ;MARCO;MT2A;NUPR1;S100A8;SPP1;TIMP1
77	P3_secondary	8	8	1	ACP5;CCL18;CXCL9;FN1;HMOX1;IFI27;LYZ;NUPR1
77	macrophage_identity	5	5	1	C1QA;C1QB;C1QC;CD68;MSR1
77	hypoxia	14	14	1	HIF1A;EGLN1;CA9;VEGFA;LDHA;PDK1;SLC2A1;BNIP3;NDRG1;ENO1;ALDOA;PGK1;HK2;PFKP
77	fibroblast_ecm	12	12	1	COL1A1;COL1A2;COL3A1;COL5A1;COL5A2;DCN;LUM;C7;CTHRC1;FAP;POSTN;THY1
77	endothelial_angiogenic	10	10	1	PECAM1;VWF;EMCN;KDR;ESAM;ENG;PLVAP;ACKR1;RGCC;CA4
77	malignant_epithelial	8	8	1	EPCAM;KRT8;KRT18;KRT19;KRT17;KRT5;KRT14;TACSTD2
77	cd8_cytotoxic	8	8	1	CD3D;CD3E;CD8A;CD8B;NKG7;GNLY;GZMB;PRF1
77	treg	5	5	1	FOXP3;IL2RA;CTLA4;TIGIT;IKZF2
77	tcell_exhaustion	7	7	1	PDCD1;HAVCR2;LAG3;TIGIT;CTLA4;TOX;ENTPD1
77	tcell_ifng_response	6	6	1	IFNG;CXCL9;CXCL10;STAT1;IRF1;GBP1
77	tcell_progenitor	6	6	1	TCF7;LEF1;IL7R;CCR7;LTB;SLAMF6
78	P4_primary	13	13	1	CD36;CD52;FABP5;FBP1;FN1;HMOX1;LYZ;MARCO;MT2A;NUPR1;S100A8;SPP1;TIMP1
78	P3_secondary	8	8	1	ACP5;CCL18;CXCL9;FN1;HMOX1;IFI27;LYZ;NUPR1
78	macrophage_identity	5	5	1	C1QA;C1QB;C1QC;CD68;MSR1
78	hypoxia	14	14	1	HIF1A;EGLN1;CA9;VEGFA;LDHA;PDK1;SLC2A1;BNIP3;NDRG1;ENO1;ALDOA;PGK1;HK2;PFKP
78	fibroblast_ecm	12	12	1	COL1A1;COL1A2;COL3A1;COL5A1;COL5A2;DCN;LUM;C7;CTHRC1;FAP;POSTN;THY1
78	endothelial_angiogenic	10	10	1	PECAM1;VWF;EMCN;KDR;ESAM;ENG;PLVAP;ACKR1;RGCC;CA4
78	malignant_epithelial	8	8	1	EPCAM;KRT8;KRT18;KRT19;KRT17;KRT5;KRT14;TACSTD2
78	cd8_cytotoxic	8	8	1	CD3D;CD3E;CD8A;CD8B;NKG7;GNLY;GZMB;PRF1
78	treg	5	5	1	FOXP3;IL2RA;CTLA4;TIGIT;IKZF2
78	tcell_exhaustion	7	7	1	PDCD1;HAVCR2;LAG3;TIGIT;CTLA4;TOX;ENTPD1
78	tcell_ifng_response	6	6	1	IFNG;CXCL9;CXCL10;STAT1;IRF1;GBP1
78	tcell_progenitor	6	6	1	TCF7;LEF1;IL7R;CCR7;LTB;SLAMF6
79	P4_primary	13	13	1	CD36;CD52;FABP5;FBP1;FN1;HMOX1;LYZ;MARCO;MT2A;NUPR1;S100A8;SPP1;TIMP1
79	P3_secondary	8	8	1	ACP5;CCL18;CXCL9;FN1;HMOX1;IFI27;LYZ;NUPR1
79	macrophage_identity	5	5	1	C1QA;C1QB;C1QC;CD68;MSR1
79	hypoxia	14	14	1	HIF1A;EGLN1;CA9;VEGFA;LDHA;PDK1;SLC2A1;BNIP3;NDRG1;ENO1;ALDOA;PGK1;HK2;PFKP
79	fibroblast_ecm	12	12	1	COL1A1;COL1A2;COL3A1;COL5A1;COL5A2;DCN;LUM;C7;CTHRC1;FAP;POSTN;THY1
79	endothelial_angiogenic	10	10	1	PECAM1;VWF;EMCN;KDR;ESAM;ENG;PLVAP;ACKR1;RGCC;CA4
79	malignant_epithelial	8	8	1	EPCAM;KRT8;KRT18;KRT19;KRT17;KRT5;KRT14;TACSTD2
79	cd8_cytotoxic	8	8	1	CD3D;CD3E;CD8A;CD8B;NKG7;GNLY;GZMB;PRF1
79	treg	5	5	1	FOXP3;IL2RA;CTLA4;TIGIT;IKZF2
79	tcell_exhaustion	7	7	1	PDCD1;HAVCR2;LAG3;TIGIT;CTLA4;TOX;ENTPD1
79	tcell_ifng_response	6	6	1	IFNG;CXCL9;CXCL10;STAT1;IRF1;GBP1
79	tcell_progenitor	6	6	1	TCF7;LEF1;IL7R;CCR7;LTB;SLAMF6
80	P4_primary	13	13	1	CD36;CD52;FABP5;FBP1;FN1;HMOX1;LYZ;MARCO;MT2A;NUPR1;S100A8;SPP1;TIMP1
80	P3_secondary	8	8	1	ACP5;CCL18;CXCL9;FN1;HMOX1;IFI27;LYZ;NUPR1
80	macrophage_identity	5	5	1	C1QA;C1QB;C1QC;CD68;MSR1
80	hypoxia	14	14	1	HIF1A;EGLN1;CA9;VEGFA;LDHA;PDK1;SLC2A1;BNIP3;NDRG1;ENO1;ALDOA;PGK1;HK2;PFKP
80	fibroblast_ecm	12	12	1	COL1A1;COL1A2;COL3A1;COL5A1;COL5A2;DCN;LUM;C7;CTHRC1;FAP;POSTN;THY1
80	endothelial_angiogenic	10	10	1	PECAM1;VWF;EMCN;KDR;ESAM;ENG;PLVAP;ACKR1;RGCC;CA4
80	malignant_epithelial	8	8	1	EPCAM;KRT8;KRT18;KRT19;KRT17;KRT5;KRT14;TACSTD2
80	cd8_cytotoxic	8	8	1	CD3D;CD3E;CD8A;CD8B;NKG7;GNLY;GZMB;PRF1
80	treg	5	5	1	FOXP3;IL2RA;CTLA4;TIGIT;IKZF2
80	tcell_exhaustion	7	7	1	PDCD1;HAVCR2;LAG3;TIGIT;CTLA4;TOX;ENTPD1
80	tcell_ifng_response	6	6	1	IFNG;CXCL9;CXCL10;STAT1;IRF1;GBP1
80	tcell_progenitor	6	6	1	TCF7;LEF1;IL7R;CCR7;LTB;SLAMF6
81	P4_primary	13	13	1	CD36;CD52;FABP5;FBP1;FN1;HMOX1;LYZ;MARCO;MT2A;NUPR1;S100A8;SPP1;TIMP1
81	P3_secondary	8	8	1	ACP5;CCL18;CXCL9;FN1;HMOX1;IFI27;LYZ;NUPR1
81	macrophage_identity	5	5	1	C1QA;C1QB;C1QC;CD68;MSR1
81	hypoxia	14	14	1	HIF1A;EGLN1;CA9;VEGFA;LDHA;PDK1;SLC2A1;BNIP3;NDRG1;ENO1;ALDOA;PGK1;HK2;PFKP
81	fibroblast_ecm	12	12	1	COL1A1;COL1A2;COL3A1;COL5A1;COL5A2;DCN;LUM;C7;CTHRC1;FAP;POSTN;THY1
81	endothelial_angiogenic	10	9	0.9	PECAM1;VWF;EMCN;KDR;ESAM;ENG;PLVAP;ACKR1;RGCC
81	malignant_epithelial	8	8	1	EPCAM;KRT8;KRT18;KRT19;KRT17;KRT5;KRT14;TACSTD2
81	cd8_cytotoxic	8	8	1	CD3D;CD3E;CD8A;CD8B;NKG7;GNLY;GZMB;PRF1
81	treg	5	5	1	FOXP3;IL2RA;CTLA4;TIGIT;IKZF2
81	tcell_exhaustion	7	7	1	PDCD1;HAVCR2;LAG3;TIGIT;CTLA4;TOX;ENTPD1
81	tcell_ifng_response	6	6	1	IFNG;CXCL9;CXCL10;STAT1;IRF1;GBP1
81	tcell_progenitor	6	6	1	TCF7;LEF1;IL7R;CCR7;LTB;SLAMF6
82	P4_primary	13	13	1	CD36;CD52;FABP5;FBP1;FN1;HMOX1;LYZ;MARCO;MT2A;NUPR1;S100A8;SPP1;TIMP1
82	P3_secondary	8	8	1	ACP5;CCL18;CXCL9;FN1;HMOX1;IFI27;LYZ;NUPR1
82	macrophage_identity	5	5	1	C1QA;C1QB;C1QC;CD68;MSR1
82	hypoxia	14	14	1	HIF1A;EGLN1;CA9;VEGFA;LDHA;PDK1;SLC2A1;BNIP3;NDRG1;ENO1;ALDOA;PGK1;HK2;PFKP
82	fibroblast_ecm	12	12	1	COL1A1;COL1A2;COL3A1;COL5A1;COL5A2;DCN;LUM;C7;CTHRC1;FAP;POSTN;THY1
82	endothelial_angiogenic	10	10	1	PECAM1;VWF;EMCN;KDR;ESAM;ENG;PLVAP;ACKR1;RGCC;CA4
82	malignant_epithelial	8	8	1	EPCAM;KRT8;KRT18;KRT19;KRT17;KRT5;KRT14;TACSTD2
82	cd8_cytotoxic	8	8	1	CD3D;CD3E;CD8A;CD8B;NKG7;GNLY;GZMB;PRF1
82	treg	5	5	1	FOXP3;IL2RA;CTLA4;TIGIT;IKZF2
82	tcell_exhaustion	7	7	1	PDCD1;HAVCR2;LAG3;TIGIT;CTLA4;TOX;ENTPD1
82	tcell_ifng_response	6	6	1	IFNG;CXCL9;CXCL10;STAT1;IRF1;GBP1
82	tcell_progenitor	6	6	1	TCF7;LEF1;IL7R;CCR7;LTB;SLAMF6
83	P4_primary	13	13	1	CD36;CD52;FABP5;FBP1;FN1;HMOX1;LYZ;MARCO;MT2A;NUPR1;S100A8;SPP1;TIMP1
83	P3_secondary	8	8	1	ACP5;CCL18;CXCL9;FN1;HMOX1;IFI27;LYZ;NUPR1
83	macrophage_identity	5	5	1	C1QA;C1QB;C1QC;CD68;MSR1
83	hypoxia	14	14	1	HIF1A;EGLN1;CA9;VEGFA;LDHA;PDK1;SLC2A1;BNIP3;NDRG1;ENO1;ALDOA;PGK1;HK2;PFKP
83	fibroblast_ecm	12	12	1	COL1A1;COL1A2;COL3A1;COL5A1;COL5A2;DCN;LUM;C7;CTHRC1;FAP;POSTN;THY1
83	endothelial_angiogenic	10	10	1	PECAM1;VWF;EMCN;KDR;ESAM;ENG;PLVAP;ACKR1;RGCC;CA4
83	malignant_epithelial	8	8	1	EPCAM;KRT8;KRT18;KRT19;KRT17;KRT5;KRT14;TACSTD2
83	cd8_cytotoxic	8	8	1	CD3D;CD3E;CD8A;CD8B;NKG7;GNLY;GZMB;PRF1
83	treg	5	5	1	FOXP3;IL2RA;CTLA4;TIGIT;IKZF2
83	tcell_exhaustion	7	7	1	PDCD1;HAVCR2;LAG3;TIGIT;CTLA4;TOX;ENTPD1
83	tcell_ifng_response	6	6	1	IFNG;CXCL9;CXCL10;STAT1;IRF1;GBP1
83	tcell_progenitor	6	6	1	TCF7;LEF1;IL7R;CCR7;LTB;SLAMF6
84	P4_primary	13	13	1	CD36;CD52;FABP5;FBP1;FN1;HMOX1;LYZ;MARCO;MT2A;NUPR1;S100A8;SPP1;TIMP1
84	P3_secondary	8	8	1	ACP5;CCL18;CXCL9;FN1;HMOX1;IFI27;LYZ;NUPR1
84	macrophage_identity	5	5	1	C1QA;C1QB;C1QC;CD68;MSR1
84	hypoxia	14	14	1	HIF1A;EGLN1;CA9;VEGFA;LDHA;PDK1;SLC2A1;BNIP3;NDRG1;ENO1;ALDOA;PGK1;HK2;PFKP
84	fibroblast_ecm	12	12	1	COL1A1;COL1A2;COL3A1;COL5A1;COL5A2;DCN;LUM;C7;CTHRC1;FAP;POSTN;THY1
84	endothelial_angiogenic	10	10	1	PECAM1;VWF;EMCN;KDR;ESAM;ENG;PLVAP;ACKR1;RGCC;CA4
84	malignant_epithelial	8	8	1	EPCAM;KRT8;KRT18;KRT19;KRT17;KRT5;KRT14;TACSTD2
84	cd8_cytotoxic	8	8	1	CD3D;CD3E;CD8A;CD8B;NKG7;GNLY;GZMB;PRF1
84	treg	5	5	1	FOXP3;IL2RA;CTLA4;TIGIT;IKZF2
84	tcell_exhaustion	7	7	1	PDCD1;HAVCR2;LAG3;TIGIT;CTLA4;TOX;ENTPD1
84	tcell_ifng_response	6	6	1	IFNG;CXCL9;CXCL10;STAT1;IRF1;GBP1
84	tcell_progenitor	6	6	1	TCF7;LEF1;IL7R;CCR7;LTB;SLAMF6
85	P4_primary	13	13	1	CD36;CD52;FABP5;FBP1;FN1;HMOX1;LYZ;MARCO;MT2A;NUPR1;S100A8;SPP1;TIMP1
85	P3_secondary	8	8	1	ACP5;CCL18;CXCL9;FN1;HMOX1;IFI27;LYZ;NUPR1
85	macrophage_identity	5	5	1	C1QA;C1QB;C1QC;CD68;MSR1
85	hypoxia	14	14	1	HIF1A;EGLN1;CA9;VEGFA;LDHA;PDK1;SLC2A1;BNIP3;NDRG1;ENO1;ALDOA;PGK1;HK2;PFKP
85	fibroblast_ecm	12	12	1	COL1A1;COL1A2;COL3A1;COL5A1;COL5A2;DCN;LUM;C7;CTHRC1;FAP;POSTN;THY1
85	endothelial_angiogenic	10	10	1	PECAM1;VWF;EMCN;KDR;ESAM;ENG;PLVAP;ACKR1;RGCC;CA4
85	malignant_epithelial	8	8	1	EPCAM;KRT8;KRT18;KRT19;KRT17;KRT5;KRT14;TACSTD2
85	cd8_cytotoxic	8	8	1	CD3D;CD3E;CD8A;CD8B;NKG7;GNLY;GZMB;PRF1
85	treg	5	5	1	FOXP3;IL2RA;CTLA4;TIGIT;IKZF2
85	tcell_exhaustion	7	7	1	PDCD1;HAVCR2;LAG3;TIGIT;CTLA4;TOX;ENTPD1
85	tcell_ifng_response	6	6	1	IFNG;CXCL9;CXCL10;STAT1;IRF1;GBP1
85	tcell_progenitor	6	6	1	TCF7;LEF1;IL7R;CCR7;LTB;SLAMF6
86	P4_primary	13	13	1	CD36;CD52;FABP5;FBP1;FN1;HMOX1;LYZ;MARCO;MT2A;NUPR1;S100A8;SPP1;TIMP1
86	P3_secondary	8	8	1	ACP5;CCL18;CXCL9;FN1;HMOX1;IFI27;LYZ;NUPR1
86	macrophage_identity	5	5	1	C1QA;C1QB;C1QC;CD68;MSR1
86	hypoxia	14	14	1	HIF1A;EGLN1;CA9;VEGFA;LDHA;PDK1;SLC2A1;BNIP3;NDRG1;ENO1;ALDOA;PGK1;HK2;PFKP
86	fibroblast_ecm	12	12	1	COL1A1;COL1A2;COL3A1;COL5A1;COL5A2;DCN;LUM;C7;CTHRC1;FAP;POSTN;THY1
86	endothelial_angiogenic	10	10	1	PECAM1;VWF;EMCN;KDR;ESAM;ENG;PLVAP;ACKR1;RGCC;CA4
86	malignant_epithelial	8	8	1	EPCAM;KRT8;KRT18;KRT19;KRT17;KRT5;KRT14;TACSTD2
86	cd8_cytotoxic	8	8	1	CD3D;CD3E;CD8A;CD8B;NKG7;GNLY;GZMB;PRF1
86	treg	5	5	1	FOXP3;IL2RA;CTLA4;TIGIT;IKZF2
86	tcell_exhaustion	7	7	1	PDCD1;HAVCR2;LAG3;TIGIT;CTLA4;TOX;ENTPD1
86	tcell_ifng_response	6	6	1	IFNG;CXCL9;CXCL10;STAT1;IRF1;GBP1
86	tcell_progenitor	6	6	1	TCF7;LEF1;IL7R;CCR7;LTB;SLAMF6
87	P4_primary	13	13	1	CD36;CD52;FABP5;FBP1;FN1;HMOX1;LYZ;MARCO;MT2A;NUPR1;S100A8;SPP1;TIMP1
87	P3_secondary	8	8	1	ACP5;CCL18;CXCL9;FN1;HMOX1;IFI27;LYZ;NUPR1
87	macrophage_identity	5	5	1	C1QA;C1QB;C1QC;CD68;MSR1
87	hypoxia	14	13	0.928571428571429	HIF1A;EGLN1;VEGFA;LDHA;PDK1;SLC2A1;BNIP3;NDRG1;ENO1;ALDOA;PGK1;HK2;PFKP
87	fibroblast_ecm	12	12	1	COL1A1;COL1A2;COL3A1;COL5A1;COL5A2;DCN;LUM;C7;CTHRC1;FAP;POSTN;THY1
87	endothelial_angiogenic	10	9	0.9	PECAM1;VWF;EMCN;KDR;ESAM;ENG;PLVAP;ACKR1;RGCC
87	malignant_epithelial	8	8	1	EPCAM;KRT8;KRT18;KRT19;KRT17;KRT5;KRT14;TACSTD2
87	cd8_cytotoxic	8	8	1	CD3D;CD3E;CD8A;CD8B;NKG7;GNLY;GZMB;PRF1
87	treg	5	5	1	FOXP3;IL2RA;CTLA4;TIGIT;IKZF2
87	tcell_exhaustion	7	7	1	PDCD1;HAVCR2;LAG3;TIGIT;CTLA4;TOX;ENTPD1
87	tcell_ifng_response	6	6	1	IFNG;CXCL9;CXCL10;STAT1;IRF1;GBP1
87	tcell_progenitor	6	6	1	TCF7;LEF1;IL7R;CCR7;LTB;SLAMF6
88	P4_primary	13	13	1	CD36;CD52;FABP5;FBP1;FN1;HMOX1;LYZ;MARCO;MT2A;NUPR1;S100A8;SPP1;TIMP1
88	P3_secondary	8	8	1	ACP5;CCL18;CXCL9;FN1;HMOX1;IFI27;LYZ;NUPR1
88	macrophage_identity	5	5	1	C1QA;C1QB;C1QC;CD68;MSR1
88	hypoxia	14	14	1	HIF1A;EGLN1;CA9;VEGFA;LDHA;PDK1;SLC2A1;BNIP3;NDRG1;ENO1;ALDOA;PGK1;HK2;PFKP
88	fibroblast_ecm	12	12	1	COL1A1;COL1A2;COL3A1;COL5A1;COL5A2;DCN;LUM;C7;CTHRC1;FAP;POSTN;THY1
88	endothelial_angiogenic	10	10	1	PECAM1;VWF;EMCN;KDR;ESAM;ENG;PLVAP;ACKR1;RGCC;CA4
88	malignant_epithelial	8	8	1	EPCAM;KRT8;KRT18;KRT19;KRT17;KRT5;KRT14;TACSTD2
88	cd8_cytotoxic	8	8	1	CD3D;CD3E;CD8A;CD8B;NKG7;GNLY;GZMB;PRF1
88	treg	5	5	1	FOXP3;IL2RA;CTLA4;TIGIT;IKZF2
88	tcell_exhaustion	7	7	1	PDCD1;HAVCR2;LAG3;TIGIT;CTLA4;TOX;ENTPD1
88	tcell_ifng_response	6	6	1	IFNG;CXCL9;CXCL10;STAT1;IRF1;GBP1
88	tcell_progenitor	6	6	1	TCF7;LEF1;IL7R;CCR7;LTB;SLAMF6
89	P4_primary	13	13	1	CD36;CD52;FABP5;FBP1;FN1;HMOX1;LYZ;MARCO;MT2A;NUPR1;S100A8;SPP1;TIMP1
89	P3_secondary	8	8	1	ACP5;CCL18;CXCL9;FN1;HMOX1;IFI27;LYZ;NUPR1
89	macrophage_identity	5	5	1	C1QA;C1QB;C1QC;CD68;MSR1
89	hypoxia	14	14	1	HIF1A;EGLN1;CA9;VEGFA;LDHA;PDK1;SLC2A1;BNIP3;NDRG1;ENO1;ALDOA;PGK1;HK2;PFKP
89	fibroblast_ecm	12	12	1	COL1A1;COL1A2;COL3A1;COL5A1;COL5A2;DCN;LUM;C7;CTHRC1;FAP;POSTN;THY1
89	endothelial_angiogenic	10	10	1	PECAM1;VWF;EMCN;KDR;ESAM;ENG;PLVAP;ACKR1;RGCC;CA4
89	malignant_epithelial	8	8	1	EPCAM;KRT8;KRT18;KRT19;KRT17;KRT5;KRT14;TACSTD2
89	cd8_cytotoxic	8	8	1	CD3D;CD3E;CD8A;CD8B;NKG7;GNLY;GZMB;PRF1
89	treg	5	5	1	FOXP3;IL2RA;CTLA4;TIGIT;IKZF2
89	tcell_exhaustion	7	7	1	PDCD1;HAVCR2;LAG3;TIGIT;CTLA4;TOX;ENTPD1
89	tcell_ifng_response	6	6	1	IFNG;CXCL9;CXCL10;STAT1;IRF1;GBP1
89	tcell_progenitor	6	6	1	TCF7;LEF1;IL7R;CCR7;LTB;SLAMF6
90	P4_primary	13	13	1	CD36;CD52;FABP5;FBP1;FN1;HMOX1;LYZ;MARCO;MT2A;NUPR1;S100A8;SPP1;TIMP1
90	P3_secondary	8	8	1	ACP5;CCL18;CXCL9;FN1;HMOX1;IFI27;LYZ;NUPR1
90	macrophage_identity	5	5	1	C1QA;C1QB;C1QC;CD68;MSR1
90	hypoxia	14	14	1	HIF1A;EGLN1;CA9;VEGFA;LDHA;PDK1;SLC2A1;BNIP3;NDRG1;ENO1;ALDOA;PGK1;HK2;PFKP
90	fibroblast_ecm	12	12	1	COL1A1;COL1A2;COL3A1;COL5A1;COL5A2;DCN;LUM;C7;CTHRC1;FAP;POSTN;THY1
90	endothelial_angiogenic	10	10	1	PECAM1;VWF;EMCN;KDR;ESAM;ENG;PLVAP;ACKR1;RGCC;CA4
90	malignant_epithelial	8	8	1	EPCAM;KRT8;KRT18;KRT19;KRT17;KRT5;KRT14;TACSTD2
90	cd8_cytotoxic	8	8	1	CD3D;CD3E;CD8A;CD8B;NKG7;GNLY;GZMB;PRF1
90	treg	5	5	1	FOXP3;IL2RA;CTLA4;TIGIT;IKZF2
90	tcell_exhaustion	7	7	1	PDCD1;HAVCR2;LAG3;TIGIT;CTLA4;TOX;ENTPD1
90	tcell_ifng_response	6	6	1	IFNG;CXCL9;CXCL10;STAT1;IRF1;GBP1
90	tcell_progenitor	6	6	1	TCF7;LEF1;IL7R;CCR7;LTB;SLAMF6
91	P4_primary	13	13	1	CD36;CD52;FABP5;FBP1;FN1;HMOX1;LYZ;MARCO;MT2A;NUPR1;S100A8;SPP1;TIMP1
91	P3_secondary	8	8	1	ACP5;CCL18;CXCL9;FN1;HMOX1;IFI27;LYZ;NUPR1
91	macrophage_identity	5	5	1	C1QA;C1QB;C1QC;CD68;MSR1
91	hypoxia	14	14	1	HIF1A;EGLN1;CA9;VEGFA;LDHA;PDK1;SLC2A1;BNIP3;NDRG1;ENO1;ALDOA;PGK1;HK2;PFKP
91	fibroblast_ecm	12	12	1	COL1A1;COL1A2;COL3A1;COL5A1;COL5A2;DCN;LUM;C7;CTHRC1;FAP;POSTN;THY1
91	endothelial_angiogenic	10	10	1	PECAM1;VWF;EMCN;KDR;ESAM;ENG;PLVAP;ACKR1;RGCC;CA4
91	malignant_epithelial	8	8	1	EPCAM;KRT8;KRT18;KRT19;KRT17;KRT5;KRT14;TACSTD2
91	cd8_cytotoxic	8	8	1	CD3D;CD3E;CD8A;CD8B;NKG7;GNLY;GZMB;PRF1
91	treg	5	5	1	FOXP3;IL2RA;CTLA4;TIGIT;IKZF2
91	tcell_exhaustion	7	7	1	PDCD1;HAVCR2;LAG3;TIGIT;CTLA4;TOX;ENTPD1
91	tcell_ifng_response	6	6	1	IFNG;CXCL9;CXCL10;STAT1;IRF1;GBP1
91	tcell_progenitor	6	6	1	TCF7;LEF1;IL7R;CCR7;LTB;SLAMF6
92	P4_primary	13	13	1	CD36;CD52;FABP5;FBP1;FN1;HMOX1;LYZ;MARCO;MT2A;NUPR1;S100A8;SPP1;TIMP1
92	P3_secondary	8	8	1	ACP5;CCL18;CXCL9;FN1;HMOX1;IFI27;LYZ;NUPR1
92	macrophage_identity	5	5	1	C1QA;C1QB;C1QC;CD68;MSR1
92	hypoxia	14	14	1	HIF1A;EGLN1;CA9;VEGFA;LDHA;PDK1;SLC2A1;BNIP3;NDRG1;ENO1;ALDOA;PGK1;HK2;PFKP
92	fibroblast_ecm	12	12	1	COL1A1;COL1A2;COL3A1;COL5A1;COL5A2;DCN;LUM;C7;CTHRC1;FAP;POSTN;THY1
92	endothelial_angiogenic	10	10	1	PECAM1;VWF;EMCN;KDR;ESAM;ENG;PLVAP;ACKR1;RGCC;CA4
92	malignant_epithelial	8	8	1	EPCAM;KRT8;KRT18;KRT19;KRT17;KRT5;KRT14;TACSTD2
92	cd8_cytotoxic	8	8	1	CD3D;CD3E;CD8A;CD8B;NKG7;GNLY;GZMB;PRF1
92	treg	5	5	1	FOXP3;IL2RA;CTLA4;TIGIT;IKZF2
92	tcell_exhaustion	7	7	1	PDCD1;HAVCR2;LAG3;TIGIT;CTLA4;TOX;ENTPD1
92	tcell_ifng_response	6	6	1	IFNG;CXCL9;CXCL10;STAT1;IRF1;GBP1
92	tcell_progenitor	6	6	1	TCF7;LEF1;IL7R;CCR7;LTB;SLAMF6
